timestamp,cpu_percent,mem_percent,gpu_percent,net_bytes_sent,net_bytes_recv,wifi_ssid,wifi_signal
2025-12-14T01:30:27.903492Z,17.0,61.3,0,2608215,2383630,No WiFi,0
2025-12-14T01:46:53.772Z,15.0,60.5,0,511416292,5994804850,PinguinoSeguro,63
2025-12-14T01:50:00.812Z,15.0,61.2,0,514548268,5995861093,PinguinoSeguro,63
2025-12-14T01:51:00.258Z,13.0,60.2,0,514737792,5996091667,PinguinoSeguro,63
2025-12-14T01:52:00.608Z,3.0,59.9,0,515451982,5996304875,PinguinoSeguro,63
2025-12-14T01:53:00.992Z,7.0,60.6,0,516257404,5996496973,PinguinoSeguro,63
2025-12-14T01:54:00.425Z,20.0,61.6,0,517445217,5996778282,PinguinoSeguro,65
2025-12-14T01:55:00.743Z,24.0,62.8,0,519698536,5997226755,PinguinoSeguro,63
2025-12-14T01:56:00.073Z,12.0,62.4,0,521516356,5997527455,PinguinoSeguro,63
2025-12-14T01:57:00.497Z,17.0,61.8,0,523236932,5997931835,PinguinoSeguro,68
2025-12-14T01:58:00.887Z,16.0,61.6,0,524871580,5998188548,PinguinoSeguro,63
2025-12-14T01:59:00.250Z,18.0,62.4,0,526424515,5998565243,PinguinoSeguro,65
2025-12-14T02:00:00.595Z,22.0,61.1,0,528283024,6000862630,PinguinoSeguro,63
2025-12-14T02:01:00.937Z,39.0,61.2,38,529188288,6002939725,PinguinoSeguro,65
2025-12-14T02:02:00.263Z,81.0,61.1,0,529498314,6006470641,PinguinoSeguro,65
2025-12-14T02:03:00.572Z,48.0,64.6,0,531793071,6008905836,PinguinoSeguro,65
2025-12-14T02:04:00.951Z,18.0,63.0,0,534294973,6009648549,PinguinoSeguro,65
2025-12-14T02:05:00.396Z,19.0,63.4,0,537545996,6010390766,PinguinoSeguro,66
2025-12-14T02:06:00.739Z,52.0,63.5,50,538921266,6010651350,PinguinoSeguro,65
2025-12-14T02:07:00.075Z,21.0,61.6,12,539078701,6012733501,PinguinoSeguro,65
2025-12-14T02:08:00.431Z,10.0,62.0,0,540058485,6014536806,PinguinoSeguro,63
2025-12-14T02:09:00.810Z,36.0,63.8,0,540790001,6018543992,PinguinoSeguro,63
2025-12-14T02:10:00.198Z,11.0,62.2,0,542879996,6131484001,PinguinoSeguro,65
2025-12-14T02:11:00.657Z,11.0,64.9,0,587996428,6179671965,PinguinoSeguro,63
2025-12-14T02:12:00.036Z,63.0,62.8,0,589920646,6180047382,PinguinoSeguro,63
2025-12-14T02:13:00.362Z,18.0,62.3,15,591510122,6180571414,PinguinoSeguro,63
2025-12-14T02:14:00.726Z,27.0,61.9,0,594070961,6180993257,PinguinoSeguro,63
2025-12-14T02:15:00.048Z,13.0,60.9,0,597157084,6181691491,PinguinoSeguro,63
2025-12-14T02:16:00.368Z,25.0,60.4,4,597427851,6182082469,PinguinoSeguro,63
2025-12-14T02:17:00.739Z,14.0,58.5,0,597969194,6182490953,PinguinoSeguro,63
2025-12-14T02:18:00.072Z,16.0,59.9,0,598918257,6182780485,PinguinoSeguro,66
2025-12-14T02:19:00.392Z,19.0,58.3,0,599145578,6187396726,PinguinoSeguro,65
2025-12-14T02:20:00.759Z,45.0,61.4,14,600062346,6192066841,PinguinoSeguro,63
2025-12-14T02:21:00.061Z,16.0,59.1,0,600172018,6195650983,PinguinoSeguro,65
2025-12-14T02:22:00.446Z,23.0,59.7,0,600350234,6195741415,PinguinoSeguro,63
2025-12-14T02:23:00.779Z,16.0,59.2,0,600519155,6195877659,PinguinoSeguro,65
2025-12-14T02:24:00.108Z,16.0,59.8,0,600554017,6195904731,PinguinoSeguro,63
2025-12-14T02:25:00.496Z,18.0,59.8,0,600617953,6196016221,PinguinoSeguro,63
2025-12-14T02:26:00.907Z,13.0,60.2,0,601871337,6196531616,PinguinoSeguro,66
2025-12-14T02:27:00.265Z,21.0,60.6,0,603315529,6197015477,PinguinoSeguro,63
2025-12-14T02:28:00.634Z,22.0,60.6,0,605060427,6197468771,PinguinoSeguro,69
2025-12-14T02:29:00.999Z,21.0,62.7,0,606183219,6198224977,PinguinoSeguro,68
2025-12-14T02:30:00.372Z,41.0,61.2,0,609126210,6688046230,PinguinoSeguro,65
2025-12-14T02:31:00.675Z,19.0,62.5,0,632738311,6710957089,PinguinoSeguro,66
2025-12-14T02:32:00.126Z,27.0,62.9,0,634366112,6711458317,PinguinoSeguro,65
2025-12-14T02:33:00.493Z,24.0,63.2,0,636631471,6711818103,PinguinoSeguro,65
2025-12-14T02:34:00.878Z,22.0,62.5,0,637970753,6712084345,PinguinoSeguro,65
2025-12-14T02:35:00.249Z,20.0,63.5,0,639744990,6712765502,PinguinoSeguro,63
2025-12-14T02:36:00.617Z,29.0,60.7,0,640628440,6713051583,PinguinoSeguro,65
2025-12-14T02:37:00.993Z,22.0,62.0,0,642160304,6713796938,PinguinoSeguro,63
2025-12-14T02:38:00.361Z,23.0,60.3,8,642607926,6728498016,PinguinoSeguro,63
2025-12-14T02:39:00.813Z,25.0,62.5,8,642788115,6734270193,PinguinoSeguro,65
2025-12-14T02:40:00.192Z,36.0,63.7,20,643230833,6736661975,PinguinoSeguro,63
2025-12-14T02:41:00.601Z,25.0,60.6,0,643435590,6738915520,PinguinoSeguro,65
2025-12-14T02:42:00.918Z,25.0,61.5,0,644276642,6739138410,PinguinoSeguro,63
2025-12-14T02:43:00.373Z,15.0,60.4,0,644379445,6739283894,PinguinoSeguro,65
2025-12-14T02:44:00.774Z,24.0,60.9,0,644896413,6739591995,PinguinoSeguro,63
2025-12-14T02:45:00.168Z,23.0,60.3,0,644970964,6739804163,PinguinoSeguro,65
2025-12-14T02:46:00.552Z,95.0,61.0,0,645336894,6740052537,PinguinoSeguro,63
2025-12-14T02:47:00.964Z,22.0,60.6,0,646002000,6740926673,PinguinoSeguro,65
2025-12-14T02:48:00.317Z,27.0,61.4,28,648219522,6742068457,PinguinoSeguro,63
2025-12-14T02:49:00.650Z,35.0,64.3,14,648917197,6756639505,PinguinoSeguro,66
2025-12-14T02:50:00.978Z,55.0,65.8,11,649242370,6768120312,PinguinoSeguro,63
2025-12-14T02:51:00.314Z,28.0,62.3,28,649686475,6777672502,PinguinoSeguro,65
2025-12-14T02:52:00.702Z,24.0,62.0,16,650054798,6794511689,PinguinoSeguro,63
2025-12-14T02:53:00.042Z,19.0,61.3,0,650301472,6799527004,PinguinoSeguro,63
2025-12-14T02:54:00.420Z,21.0,61.0,0,650892618,6805353867,PinguinoSeguro,66
2025-12-14T02:55:00.864Z,16.0,61.5,0,651463168,6810899665,PinguinoSeguro,63
2025-12-14T02:56:00.242Z,24.0,63.1,0,654758147,6821538589,PinguinoSeguro,63
2025-12-14T02:57:00.618Z,30.0,62.5,0,655008791,6823765063,PinguinoSeguro,65
2025-12-14T02:58:00.996Z,54.0,67.3,17,657374190,7123134772,PinguinoSeguro,65
2025-12-14T02:59:00.472Z,28.0,61.9,0,657984174,7124461232,PinguinoSeguro,63
2025-12-14T03:00:00.854Z,30.0,61.9,0,659398436,7128115591,PinguinoSeguro,65
2025-12-14T03:01:00.187Z,21.0,61.5,0,660495376,7128871725,PinguinoSeguro,65
2025-12-14T03:02:00.563Z,19.0,63.3,0,663226847,7131370126,PinguinoSeguro,63
2025-12-14T03:03:00.959Z,33.0,61.0,0,597158578,7018316461,PinguinoSeguro,66
2025-12-14T03:04:00.328Z,21.0,59.1,0,597556653,7019175311,PinguinoSeguro,66
2025-12-14T03:05:00.793Z,25.0,61.4,0,598286476,7020660556,PinguinoSeguro,63
2025-12-14T03:06:00.194Z,47.0,64.9,11,598908047,7023566839,PinguinoSeguro,63
2025-12-14T03:07:00.643Z,99.0,66.1,8,599074351,7026174973,PinguinoSeguro,63
2025-12-14T03:08:01.000Z,28.0,64.0,28,599468198,7031297456,PinguinoSeguro,63
2025-12-14T03:09:00.366Z,26.0,64.9,14,599944813,7033510574,PinguinoSeguro,65
2025-12-14T03:10:00.725Z,53.0,69.8,12,601702653,7039952814,PinguinoSeguro,63
2025-12-14T03:11:00.133Z,19.0,69.4,29,602433138,7041281209,PinguinoSeguro,63
2025-12-14T03:12:00.530Z,31.0,63.3,9,602992513,7044611358,PinguinoSeguro,63
2025-12-14T03:13:00.898Z,26.0,61.7,0,603308722,7045422672,PinguinoSeguro,65
2025-12-14T03:14:00.280Z,24.0,61.4,0,603841897,7046943651,PinguinoSeguro,65
2025-12-14T03:15:00.632Z,19.0,60.9,0,604481583,7048314323,PinguinoSeguro,65
2025-12-14T03:16:00.077Z,16.0,60.1,0,604759618,7048825083,PinguinoSeguro,65
2025-12-14T03:17:00.448Z,17.0,60.4,0,605055784,7049673388,PinguinoSeguro,65
2025-12-14T03:18:00.871Z,25.0,60.5,0,605127501,7049840944,PinguinoSeguro,65
2025-12-14T03:19:00.271Z,23.0,61.4,0,605426306,7050495451,PinguinoSeguro,65
2025-12-14T03:20:00.701Z,16.0,61.7,0,605519654,7050732319,PinguinoSeguro,68
2025-12-14T03:21:00.054Z,16.0,62.4,0,605793345,7051348782,PinguinoSeguro,63
2025-12-14T03:22:00.468Z,12.0,61.4,0,605861716,7051510475,PinguinoSeguro,63
2025-12-14T03:23:00.867Z,13.0,55.4,0,606428610,7052809815,PinguinoSeguro,65
2025-12-14T03:24:00.286Z,20.0,56.9,0,607184702,7053926122,PinguinoSeguro,65
2025-12-14T03:25:00.689Z,22.0,56.3,14,607294831,7054182759,PinguinoSeguro,65
2025-12-14T03:26:00.091Z,40.0,61.0,7,608345485,7059290517,PinguinoSeguro,66
2025-12-14T03:27:00.461Z,22.0,56.9,0,609390045,7060757142,PinguinoSeguro,65
2025-12-14T03:28:00.801Z,24.0,55.6,14,609648647,7061834263,PinguinoSeguro,65
2025-12-14T03:29:00.176Z,33.0,61.1,15,610930984,7073328208,PinguinoSeguro,65
2025-12-14T03:30:00.530Z,16.0,62.4,0,611933307,7079559677,PinguinoSeguro,65
2025-12-14T03:31:00.964Z,22.0,58.4,35,612467457,7080616470,PinguinoSeguro,66
2025-12-14T03:32:00.327Z,18.0,56.9,29,612972307,7083815236,PinguinoSeguro,66
2025-12-14T03:33:00.685Z,22.0,56.9,30,613257447,7084069522,PinguinoSeguro,66
2025-12-14T03:34:00.150Z,26.0,57.0,7,613828482,7084533104,PinguinoSeguro,65
2025-12-14T03:35:00.547Z,18.0,59.6,16,614097579,7084936268,PinguinoSeguro,68
2025-12-14T03:36:00.937Z,16.0,60.2,15,614267443,7085224284,PinguinoSeguro,67
2025-12-14T03:37:00.328Z,15.0,58.9,5,614603139,7085645673,PinguinoSeguro,67
2025-12-14T03:38:00.679Z,13.0,60.5,2,616656719,7093559542,PinguinoSeguro,68
2025-12-14T03:39:00.086Z,22.0,59.8,4,616872412,7094023905,PinguinoSeguro,66
2025-12-14T03:40:00.549Z,15.0,60.5,0,617095776,7094609072,PinguinoSeguro,63
2025-12-14T03:41:01.019Z,21.0,60.6,9,619799278,7104440392,PinguinoSeguro,63
2025-12-14T03:42:00.368Z,21.0,59.2,15,620290719,7105041647,PinguinoSeguro,66
2025-12-14T03:43:00.737Z,13.0,60.0,0,620690117,7105703973,PinguinoSeguro,63
2025-12-14T03:44:00.136Z,15.0,63.3,0,621023102,7111102440,PinguinoSeguro,63
2025-12-14T03:45:00.504Z,16.0,60.8,1,621488798,7111664412,PinguinoSeguro,65
2025-12-14T03:46:00.913Z,15.0,64.4,0,621805925,7112097936,PinguinoSeguro,63
2025-12-14T03:47:00.282Z,47.0,51.7,8,622278944,7112925328,PinguinoSeguro,63
2025-12-14T03:48:00.641Z,15.0,55.2,0,623939170,7116254758,PinguinoSeguro,63
2025-12-14T03:49:00.048Z,10.0,54.2,0,624601041,7116626005,PinguinoSeguro,63
2025-12-14T03:50:00.383Z,23.0,57.8,13,624773914,7116851615,PinguinoSeguro,63
2025-12-14T03:51:00.770Z,33.0,54.2,45,625156226,7117044573,PinguinoSeguro,67
2025-12-14T03:52:00.174Z,23.0,54.2,2,625961255,7117536189,PinguinoSeguro,66
2025-12-14T03:53:00.484Z,30.0,56.8,7,626736474,7122405839,PinguinoSeguro,63
2025-12-14T03:54:00.789Z,17.0,58.1,0,628338514,7124431011,PinguinoSeguro,63
2025-12-14T03:55:00.189Z,13.0,59.0,0,629896148,7124867220,PinguinoSeguro,65
2025-12-14T03:56:00.639Z,14.0,53.5,0,631300560,7130153171,PinguinoSeguro,65
2025-12-14T03:57:00.055Z,27.0,56.4,4,631830925,7132498178,PinguinoSeguro,65
2025-12-14T03:58:00.377Z,18.0,55.7,0,632060958,7134124936,PinguinoSeguro,63
2025-12-14T03:59:00.760Z,12.0,55.6,4,632929415,7137719634,PinguinoSeguro,63
2025-12-14T04:00:00.117Z,31.0,49.5,0,633118945,7139888497,PinguinoSeguro,66
2025-12-14T04:01:00.476Z,9.0,49.8,0,633450991,7140200270,PinguinoSeguro,63
2025-12-14T04:02:00.899Z,19.0,34.6,0,633975125,7143020001,PinguinoSeguro,72
2025-12-14T04:03:00.236Z,18.0,51.5,8,635979389,7146923517,PinguinoSeguro,63
2025-12-14T04:04:00.572Z,36.0,49.5,18,636093255,7147423302,PinguinoSeguro,63
2025-12-14T04:05:00.958Z,22.0,50.7,0,636732135,7148521642,PinguinoSeguro,63
2025-12-14T04:06:00.331Z,19.0,49.8,18,637716771,7160031195,PinguinoSeguro,63
2025-12-14T04:07:00.633Z,20.0,51.1,14,643721170,7170053815,PinguinoSeguro,85
2025-12-14T04:08:00.997Z,23.0,50.6,8,643836089,7170322154,PinguinoSeguro,72
2025-12-14T12:09:03.206Z,25.0,44.2,0,643966995,7170519161,PinguinoSeguro,73
2025-12-14T12:10:00.722Z,31.0,33.5,0,644459157,7171859441,PinguinoSeguro,67
2025-12-14T12:11:00.159Z,59.0,34.6,11,645016028,7181405218,PinguinoSeguro,68
2025-12-14T12:12:00.714Z,35.0,34.5,18,645206386,7190898035,PinguinoSeguro,69
2025-12-14T12:13:00.230Z,58.0,36.0,13,646342698,7275460702,PinguinoSeguro,69
2025-12-14T12:14:00.756Z,39.0,34.9,10,646856209,7334692280,PinguinoSeguro,69
2025-12-14T12:15:00.226Z,35.0,35.0,11,646906525,7342971217,PinguinoSeguro,69
2025-12-14T12:16:00.738Z,37.0,34.4,8,647279090,7359619597,PinguinoSeguro,69
2025-12-14T12:17:00.264Z,48.0,34.5,35,647470063,7369827584,PinguinoSeguro,69
2025-12-14T12:18:00.769Z,26.0,34.4,32,647600161,7379766474,PinguinoSeguro,65
2025-12-14T12:19:00.256Z,50.0,34.6,31,647750159,7390239322,PinguinoSeguro,90
2025-12-14T12:20:00.777Z,36.0,35.0,35,647878610,7400898068,PinguinoSeguro,67
2025-12-14T12:21:00.290Z,24.0,35.0,31,647984064,7411408647,PinguinoSeguro,68
2025-12-14T12:22:00.815Z,23.0,32.6,0,648101564,7418648268,PinguinoSeguro,63
2025-12-14T12:23:00.368Z,35.0,34.8,9,648743210,7491955792,PinguinoSeguro,69
2025-12-14T12:24:00.883Z,46.0,36.0,8,649261154,7574786135,PinguinoSeguro,77
2025-12-14T12:25:00.369Z,28.0,36.1,10,649343362,7591435651,PinguinoSeguro,65
2025-12-14T12:26:00.897Z,41.0,36.1,20,649359415,7591486521,PinguinoSeguro,66
2025-12-14T12:27:00.408Z,44.0,36.0,15,649662378,7646701346,PinguinoSeguro,65
2025-12-14T12:28:00.971Z,20.0,33.3,0,650650690,7700722792,PinguinoSeguro,65
2025-12-14T12:29:00.455Z,38.0,36.3,44,651936478,7751006838,PinguinoSeguro,89
2025-12-14T12:30:00.967Z,53.0,36.4,16,652699800,7787679170,PinguinoSeguro,65
2025-12-14T12:31:00.437Z,39.0,36.4,9,653421810,7823731695,PinguinoSeguro,65
2025-12-14T12:32:00.935Z,38.0,36.7,14,654136239,7860699966,PinguinoSeguro,63
2025-12-14T12:33:00.486Z,41.0,37.3,14,654806757,7897051503,PinguinoSeguro,65
2025-12-14T12:34:00.977Z,28.0,37.1,16,655499613,7933906929,PinguinoSeguro,67
2025-12-14T12:35:00.421Z,35.0,38.5,13,656192121,7970196888,PinguinoSeguro,68
2025-12-14T12:36:00.935Z,39.0,38.6,9,656396090,7981123411,PinguinoSeguro,74
2025-12-14T12:37:00.448Z,30.0,38.0,17,656438490,7981186951,PinguinoSeguro,65
2025-12-14T12:38:00.970Z,27.0,33.2,0,656495441,7981891713,PinguinoSeguro,72
2025-12-14T12:39:00.432Z,57.0,37.0,11,663301207,8166974742,PinguinoSeguro,66
2025-12-14T12:40:00.968Z,41.0,37.0,28,664195027,8189218572,PinguinoSeguro,68
2025-12-14T12:41:00.460Z,30.0,37.0,29,665360579,8218252969,PinguinoSeguro,67
2025-12-14T12:42:00.962Z,26.0,33.3,0,666010510,8234099092,PinguinoSeguro,65
2025-12-14T12:43:00.470Z,45.0,37.0,19,667411537,8279431857,PinguinoSeguro,66
2025-12-14T12:44:00.996Z,31.0,36.8,29,667595017,8304260154,PinguinoSeguro,67
2025-12-14T12:45:00.490Z,39.0,37.1,29,667735582,8317205488,PinguinoSeguro,67
2025-12-14T12:46:01.016Z,47.0,37.1,31,667784996,8328056737,PinguinoSeguro,66
2025-12-14T12:47:00.555Z,35.0,37.0,30,667860573,8340648438,PinguinoSeguro,66
2025-12-14T12:48:00.042Z,18.0,28.0,5,668135754,8346924489,PinguinoSeguro,69
2025-12-14T12:49:00.413Z,31.0,26.7,0,468169,487815,PinguinoSeguro,66
2025-12-14T12:50:00.407Z,12.0,23.9,1,641605,857355,PinguinoSeguro,76
2025-12-14T12:51:00.821Z,21.0,24.2,0,978117,1717513,PinguinoSeguro,67
2025-12-14T12:52:00.317Z,12.0,24.4,0,980179,1720508,PinguinoSeguro,75
2025-12-14T12:53:00.761Z,20.0,24.3,1,982571,1724003,PinguinoSeguro,75
2025-12-14T12:54:00.219Z,28.0,25.9,6,999953,1727774,PinguinoSeguro,76
2025-12-14T12:55:00.573Z,31.0,32.0,5,1427603,8029606,PinguinoSeguro,70
2025-12-14T12:56:00.916Z,32.0,32.3,17,1781946,14605611,PinguinoSeguro,71
2025-12-14T12:57:00.366Z,38.0,32.0,46,1870822,18918717,PinguinoSeguro,67
2025-12-14T12:58:00.784Z,15.0,31.0,0,2832231,21618670,PinguinoSeguro,67
2025-12-14T12:59:00.194Z,36.0,34.0,9,5442136,36583491,PinguinoSeguro,70
2025-12-14T13:00:00.657Z,52.0,33.2,10,5654710,45782369,PinguinoSeguro,66
2025-12-14T13:01:00.182Z,37.0,33.0,8,5805104,50783363,PinguinoSeguro,69
2025-12-14T13:02:00.676Z,50.0,35.8,15,6088647,60376865,PinguinoSeguro,70
2025-12-14T13:03:00.204Z,33.0,35.9,16,6259454,65367510,PinguinoSeguro,77
2025-12-14T13:04:00.695Z,21.0,36.4,27,6368509,67459886,PinguinoSeguro,69
2025-12-14T13:05:00.106Z,35.0,36.3,0,6435454,67806253,PinguinoSeguro,73
2025-12-14T13:06:00.569Z,32.0,36.3,11,6518142,69096710,PinguinoSeguro,75
2025-12-14T13:07:00.070Z,35.0,36.4,27,6622728,70483326,PinguinoSeguro,68
2025-12-14T13:08:00.538Z,27.0,36.3,12,6761820,72871020,PinguinoSeguro,75
2025-12-14T13:09:01.017Z,22.0,36.6,8,6908981,75409161,PinguinoSeguro,69
2025-12-14T13:10:00.503Z,34.0,36.5,12,7022894,76774060,PinguinoSeguro,68
2025-12-14T13:11:01.000Z,24.0,36.4,8,7122466,78453018,PinguinoSeguro,75
2025-12-14T13:12:00.514Z,45.0,36.5,19,7239812,80093848,PinguinoSeguro,67
2025-12-14T13:13:00.982Z,27.0,36.5,33,7324274,81515357,PinguinoSeguro,67
2025-12-14T13:14:00.440Z,30.0,36.4,7,7427538,83111327,PinguinoSeguro,68
2025-12-14T13:15:00.831Z,28.0,36.4,7,7546452,85154455,PinguinoSeguro,74
2025-12-14T13:16:00.321Z,36.0,36.6,7,7662447,86546388,PinguinoSeguro,70
2025-12-14T13:17:00.741Z,22.0,36.6,7,7784431,88524585,PinguinoSeguro,73
2025-12-14T13:18:00.238Z,33.0,36.6,15,7904767,90143857,PinguinoSeguro,70
2025-12-14T13:19:00.711Z,16.0,36.8,14,8019733,91753745,PinguinoSeguro,68
2025-12-14T13:20:00.091Z,33.0,37.1,8,8139037,93822276,PinguinoSeguro,63
2025-12-14T13:21:00.584Z,47.0,37.0,11,8167999,94194186,PinguinoSeguro,74
2025-12-14T13:22:00.073Z,31.0,37.1,14,8184868,94200766,PinguinoSeguro,74
2025-12-14T13:23:00.464Z,40.0,37.8,32,8429186,105929519,PinguinoSeguro,74
2025-12-14T13:24:00.931Z,39.0,37.6,17,8611707,116050542,PinguinoSeguro,68
2025-12-14T13:25:00.443Z,33.0,37.6,9,8791790,119199654,PinguinoSeguro,67
2025-12-14T13:26:00.936Z,44.0,37.6,14,8984699,123243840,PinguinoSeguro,68
2025-12-14T13:27:00.326Z,37.0,37.5,14,9178882,127127970,PinguinoSeguro,67
2025-12-14T13:28:00.775Z,45.0,37.6,9,9371623,130257120,PinguinoSeguro,67
2025-12-14T13:29:00.274Z,53.0,37.5,12,9559064,133571804,PinguinoSeguro,92
2025-12-14T13:30:00.741Z,37.0,37.7,8,9743548,137361745,PinguinoSeguro,75
2025-12-14T13:31:00.240Z,34.0,37.7,10,9940919,142315909,PinguinoSeguro,67
2025-12-14T13:32:00.645Z,34.0,37.6,32,10121744,146332430,PinguinoSeguro,67
2025-12-14T13:33:00.104Z,28.0,37.7,8,10281975,150706919,PinguinoSeguro,76
2025-12-14T13:34:00.559Z,47.0,37.8,8,10476046,153866434,PinguinoSeguro,67
2025-12-14T13:35:00.065Z,57.0,37.8,12,10659242,157856867,PinguinoSeguro,75
2025-12-14T13:36:00.597Z,31.0,38.1,9,10863773,162094411,PinguinoSeguro,67
2025-12-14T13:56:00.708Z,21.0,22.9,0,494803,502736,PinguinoSeguro,63
2025-12-14T13:57:00.513Z,22.0,34.2,0,1959805,14228084,PinguinoSeguro,63
2025-12-14T13:58:00.852Z,26.0,33.6,18,2641718,30972350,PinguinoSeguro,63
2025-12-14T13:59:00.183Z,31.0,33.7,23,2831112,39944408,PinguinoSeguro,63
2025-12-14T14:00:00.608Z,27.0,33.8,25,2953426,45359181,PinguinoSeguro,63
2025-12-14T14:01:00.944Z,50.0,37.5,24,3232788,70644218,PinguinoSeguro,62
2025-12-14T14:02:00.270Z,26.0,34.2,19,3385163,76707618,PinguinoSeguro,63
2025-12-14T14:03:00.665Z,25.0,34.4,1,3490516,81804054,PinguinoSeguro,63
2025-12-14T14:04:00.970Z,30.0,36.5,7,3864308,87783384,PinguinoSeguro,63
2025-12-14T14:05:00.301Z,29.0,35.9,36,4040002,102956336,PinguinoSeguro,63
2025-12-14T14:06:00.649Z,20.0,38.0,1,4939257,119547205,PinguinoSeguro,63
2025-12-14T14:07:00.977Z,32.0,38.8,3,5249036,126003150,PinguinoSeguro,63
2025-12-14T14:08:00.313Z,10.0,35.4,3,5380395,126148933,PinguinoSeguro,63
2025-12-14T14:09:00.634Z,22.0,36.6,3,5503625,127351594,PinguinoSeguro,63
2025-12-14T14:10:00.932Z,9.0,35.0,0,5532772,129309228,PinguinoSeguro,63
2025-12-14T14:11:00.273Z,23.0,35.6,4,5537188,129313917,PinguinoSeguro,63
2025-12-14T14:12:00.656Z,12.0,35.7,0,5607205,132225041,PinguinoSeguro,63
2025-12-14T14:13:00.120Z,15.0,40.5,0,5644430,135435193,PinguinoSeguro,63
2025-12-14T14:14:00.592Z,24.0,40.2,8,5649924,135439821,PinguinoSeguro,63
2025-12-14T14:15:00.992Z,14.0,38.3,0,5658643,135453627,PinguinoSeguro,63
2025-12-14T14:16:00.369Z,14.0,38.7,0,5682691,135466963,PinguinoSeguro,63
2025-12-14T14:17:00.818Z,24.0,39.1,7,5707609,135534018,PinguinoSeguro,63
2025-12-14T14:18:00.159Z,11.0,40.7,0,5791113,138948718,PinguinoSeguro,63
2025-12-14T14:19:00.541Z,12.0,40.5,0,5949067,141234641,PinguinoSeguro,63
2025-12-14T14:20:00.961Z,25.0,41.2,11,6002442,141512823,PinguinoSeguro,63
2025-12-14T14:21:00.341Z,14.0,41.5,0,6008376,141517870,PinguinoSeguro,63
2025-12-14T14:22:00.714Z,10.0,41.5,0,6012215,141522257,PinguinoSeguro,63
2025-12-14T14:23:00.158Z,13.0,41.9,2,6017010,141526936,PinguinoSeguro,72
2025-12-14T14:24:00.492Z,16.0,41.4,0,6019063,141530244,PinguinoSeguro,63
2025-12-14T14:25:00.871Z,11.0,41.7,0,6102818,144668243,PinguinoSeguro,72
2025-12-14T14:26:00.208Z,8.0,41.4,0,6135245,144709462,PinguinoSeguro,63
2025-12-14T14:27:00.635Z,14.0,41.5,0,6149292,144725769,PinguinoSeguro,72
2025-12-14T14:28:00.077Z,18.0,41.3,8,6164396,144735517,PinguinoSeguro,70
2025-12-14T14:29:00.502Z,23.0,41.3,24,6167231,144739052,PinguinoSeguro,62
2025-12-14T14:30:00.940Z,6.0,41.4,0,6169888,144742760,PinguinoSeguro,62
2025-12-14T14:31:00.386Z,11.0,41.6,0,6173133,144746763,PinguinoSeguro,70
2025-12-14T14:32:00.835Z,11.0,41.9,0,6181567,144753712,PinguinoSeguro,62
2025-12-14T14:33:00.260Z,22.0,41.3,31,6186651,144777361,PinguinoSeguro,62
2025-12-14T14:34:00.649Z,20.0,41.2,32,6202054,144791559,PinguinoSeguro,71
2025-12-14T14:35:01.030Z,19.0,41.3,31,6210806,144801712,PinguinoSeguro,70
2025-12-14T14:36:00.413Z,23.0,41.3,33,6236038,144829022,PinguinoSeguro,70
2025-12-14T14:37:00.775Z,25.0,41.5,31,6252727,144844593,PinguinoSeguro,71
2025-12-14T14:38:00.165Z,29.0,41.6,33,6256634,144849003,PinguinoSeguro,71
2025-12-14T14:39:00.504Z,12.0,43.6,0,6284989,144864323,PinguinoSeguro,61
2025-12-14T14:40:00.921Z,16.0,43.9,10,6312723,144872863,PinguinoSeguro,69
2025-12-14T14:41:00.280Z,19.0,44.8,12,6337250,144881011,PinguinoSeguro,89
2025-12-14T14:42:00.590Z,11.0,45.0,4,6382449,148076959,PinguinoSeguro,66
2025-12-14T14:43:00.992Z,11.0,44.0,0,6401948,148083429,PinguinoSeguro,66
2025-12-14T14:44:00.416Z,6.0,43.9,0,6417184,148089549,PinguinoSeguro,72
2025-12-14T14:45:00.767Z,28.0,43.8,10,6440989,148103160,PinguinoSeguro,66
2025-12-14T14:46:00.072Z,10.0,43.9,0,6472553,148118912,PinguinoSeguro,65
2025-12-14T14:47:00.527Z,14.0,44.0,0,6503419,148135081,PinguinoSeguro,73
2025-12-14T14:48:00.980Z,19.0,42.6,9,6540725,148158519,PinguinoSeguro,65
2025-12-14T14:49:00.298Z,9.0,43.2,1,6582485,148320756,PinguinoSeguro,65
2025-12-14T14:50:00.713Z,11.0,43.8,0,6862990,148520683,PinguinoSeguro,73
2025-12-14T14:51:00.076Z,10.0,45.0,3,7214883,155283756,PinguinoSeguro,73
2025-12-14T14:52:00.424Z,22.0,45.7,2,7997654,155470818,PinguinoSeguro,65
2025-12-14T14:53:00.782Z,28.0,42.9,1,8676908,437064391,PinguinoSeguro,65
2025-12-14T14:54:00.091Z,11.0,45.2,0,8803853,437260497,PinguinoSeguro,65
2025-12-14T14:55:00.518Z,19.0,46.3,11,9287659,437419339,PinguinoSeguro,63
2025-12-14T14:56:00.108Z,30.0,9.8,0,7210,9085,PinguinoSeguro,73
2025-12-14T14:57:00.281Z,63.0,29.4,2,637600,839386,PinguinoSeguro,65
2025-12-14T14:58:00.598Z,11.0,29.1,1,711073,1042358,PinguinoSeguro,65
2025-12-14T14:59:00.969Z,21.0,28.9,9,784612,1394219,PinguinoSeguro,65
2025-12-14T15:00:00.356Z,11.0,30.5,0,842686,4725478,PinguinoSeguro,74
2025-12-14T15:01:00.790Z,13.0,30.6,0,846270,4730736,PinguinoSeguro,63
2025-12-14T15:02:00.166Z,7.0,30.5,0,852724,4741776,PinguinoSeguro,63
2025-12-14T15:03:00.565Z,7.0,30.5,6,855108,4744858,PinguinoSeguro,75
2025-12-14T15:04:00.949Z,11.0,30.5,0,857147,4747850,PinguinoSeguro,72
2025-12-14T15:05:00.403Z,15.0,30.7,1,859934,4752357,PinguinoSeguro,73
2025-12-14T15:06:00.752Z,22.0,30.6,18,897528,5364641,PinguinoSeguro,63
2025-12-14T15:07:00.069Z,10.0,30.5,0,930896,5686338,PinguinoSeguro,65
2025-12-14T15:08:00.393Z,38.0,30.3,9,968279,5922954,PinguinoSeguro,63
2025-12-14T15:09:00.724Z,16.0,29.5,11,984800,6090482,PinguinoSeguro,63
2025-12-14T15:10:00.046Z,30.0,33.1,10,1037083,6428585,PinguinoSeguro,63
2025-12-14T15:11:00.357Z,20.0,38.7,8,1452754,11831709,PinguinoSeguro,65
2025-12-14T15:12:00.782Z,22.0,34.7,11,1587018,15119032,PinguinoSeguro,65
2025-12-14T15:13:00.206Z,32.0,35.9,7,1626041,16182223,PinguinoSeguro,65
2025-12-14T15:14:00.627Z,33.0,33.2,11,5690913,23348638,PinguinoSeguro,65
2025-12-14T15:15:00.954Z,16.0,33.1,1,5815387,27156108,PinguinoSeguro,63
2025-12-14T15:16:00.320Z,16.0,32.1,0,5994496,30779259,PinguinoSeguro,74
2025-12-14T15:17:00.750Z,27.0,32.1,11,6104006,33913157,PinguinoSeguro,65
2025-12-14T15:18:00.173Z,19.0,32.2,0,6140622,33947115,PinguinoSeguro,73
2025-12-14T15:19:00.586Z,29.0,32.2,13,6185187,33973497,PinguinoSeguro,63
2025-12-14T15:20:00.938Z,24.0,32.4,11,6229224,34018328,PinguinoSeguro,63
2025-12-14T15:21:00.313Z,24.0,32.5,11,6251427,34117366,PinguinoSeguro,65
2025-12-14T15:22:00.753Z,19.0,32.5,11,6262483,34182266,PinguinoSeguro,63
2025-12-14T15:23:00.143Z,13.0,32.8,0,6298445,34260828,PinguinoSeguro,63
2025-12-14T15:24:00.581Z,11.0,32.5,1,6305838,34266800,PinguinoSeguro,65
2025-12-14T15:25:00.905Z,16.0,32.5,3,6321939,34414906,PinguinoSeguro,63
2025-12-14T15:26:00.354Z,17.0,32.9,1,6326782,34420480,PinguinoSeguro,63
2025-12-14T15:27:00.690Z,23.0,33.0,9,6397586,34789504,PinguinoSeguro,73
2025-12-14T15:28:00.069Z,16.0,32.6,33,6417409,34821311,PinguinoSeguro,73
2025-12-14T15:29:00.419Z,17.0,34.6,0,6451029,36278095,PinguinoSeguro,65
2025-12-14T15:30:00.772Z,22.0,32.8,8,6461014,36386638,PinguinoSeguro,65
2025-12-14T15:31:00.084Z,12.0,32.8,0,6516877,39308269,PinguinoSeguro,63
2025-12-14T15:32:00.444Z,12.0,32.9,0,6531353,39323846,PinguinoSeguro,65
2025-12-14T15:33:00.881Z,8.0,33.5,0,6534287,39328328,PinguinoSeguro,63
2025-12-14T15:34:00.266Z,7.0,34.8,0,6581011,40807580,PinguinoSeguro,65
2025-12-14T15:35:00.585Z,12.0,32.8,0,6588434,40813829,PinguinoSeguro,65
2025-12-14T15:36:00.996Z,9.0,33.0,0,6592198,40818818,PinguinoSeguro,63
2025-12-14T15:37:00.321Z,14.0,32.9,0,6603563,40831008,PinguinoSeguro,73
2025-12-14T15:38:00.690Z,10.0,33.1,2,6646435,40988331,PinguinoSeguro,67
2025-12-14T15:39:00.096Z,20.0,33.0,0,6669326,41125141,PinguinoSeguro,72
2025-12-14T15:40:00.396Z,36.0,36.1,10,7061111,43128854,PinguinoSeguro,63
2025-12-14T15:41:00.804Z,14.0,34.2,0,7115909,43692347,PinguinoSeguro,65
2025-12-14T15:42:00.232Z,29.0,34.3,0,7132665,43709202,PinguinoSeguro,63
2025-12-14T15:43:01.154Z,44.0,33.8,3,27982490,4334430830,PinguinoSeguro,63
2025-12-14T15:44:00.756Z,9.0,33.7,0,28678674,4623384717,PinguinoSeguro,72
2025-12-14T15:45:00.110Z,8.0,33.8,0,28683895,4623390406,PinguinoSeguro,63
2025-12-14T15:46:00.453Z,17.0,34.3,0,28693994,4623398352,PinguinoSeguro,63
2025-12-14T15:47:00.894Z,8.0,33.7,0,28716059,4623420888,PinguinoSeguro,72
2025-12-14T15:48:00.295Z,15.0,33.6,0,28743448,4623446592,PinguinoSeguro,63
2025-12-14T15:49:00.645Z,6.0,33.6,0,28759542,4623456357,PinguinoSeguro,63
2025-12-14T15:50:00.083Z,10.0,33.7,0,28765015,4623462451,PinguinoSeguro,71
2025-12-14T15:51:00.426Z,7.0,34.0,0,28774321,4623470675,PinguinoSeguro,70
2025-12-14T15:52:00.864Z,12.0,34.3,0,28788911,4623486495,PinguinoSeguro,70
2025-12-14T15:53:00.203Z,26.0,33.6,1,33832608,5516962211,PinguinoSeguro,63
2025-12-14T15:54:00.656Z,10.0,33.8,4,48637936,8631372620,PinguinoSeguro,72
2025-12-14T15:55:00.040Z,23.0,33.4,36,48651673,8631488704,PinguinoSeguro,63
2025-12-14T15:56:00.368Z,10.0,34.8,0,48676288,8631997642,PinguinoSeguro,72
2025-12-14T15:57:00.715Z,16.0,33.4,0,48697041,8632016433,PinguinoSeguro,63
2025-12-14T15:58:00.055Z,11.0,33.3,5,48728708,8632041793,PinguinoSeguro,67
2025-12-14T15:59:00.402Z,23.0,34.9,31,48757710,8632798157,PinguinoSeguro,73
2025-12-14T16:00:00.729Z,14.0,33.2,0,48762603,8632804786,PinguinoSeguro,67
2025-12-14T16:01:00.176Z,18.0,33.4,0,48823663,8633063815,PinguinoSeguro,67
2025-12-14T16:02:00.601Z,19.0,33.6,0,49025644,8635526034,PinguinoSeguro,66
2025-12-14T16:03:00.036Z,8.0,33.6,0,49051250,8635761161,PinguinoSeguro,73
2025-12-14T16:04:00.381Z,49.0,33.4,2,65137556,12372353592,PinguinoSeguro,65
2025-12-14T16:05:00.742Z,16.0,33.4,4,66639139,12953753554,PinguinoSeguro,65
2025-12-14T16:06:00.165Z,22.0,34.1,9,66842341,12955048738,PinguinoSeguro,66
2025-12-14T16:07:00.512Z,56.0,34.3,14,77408796,15234482487,PinguinoSeguro,67
2025-12-14T16:08:00.515Z,62.0,34.0,17,84916469,16937647576,PinguinoSeguro,66
2025-12-14T16:09:01.007Z,44.0,34.3,14,88153248,18981636177,PinguinoSeguro,65
2025-12-14T16:10:01.178Z,52.0,56.4,28,90188980,19851923356,PinguinoSeguro,74
2025-12-14T16:11:08.441Z,63.0,66.1,2,95030766,21384800646,PinguinoSeguro,66
2025-12-14T16:12:00.594Z,82.0,65.1,11,97984761,22335059114,PinguinoSeguro,66
2025-12-14T16:13:00.723Z,89.0,64.6,5,101235208,23505992656,PinguinoSeguro,73
2025-12-14T16:14:00.102Z,61.0,64.2,3,101239111,23505997442,PinguinoSeguro,66
2025-12-14T16:15:00.486Z,26.0,64.7,16,101276517,23506168698,PinguinoSeguro,66
2025-12-14T16:16:00.961Z,87.0,89.9,0,101300977,23506406893,PinguinoSeguro,67
2025-12-14T16:19:00.747Z,94.0,13.7,0,18474,27233,PinguinoSeguro,67
2025-12-14T16:20:00.289Z,39.0,26.2,0,486627,494229,PinguinoSeguro,68
2025-12-14T16:21:00.908Z,100.0,55.9,0,491577,499696,PinguinoSeguro,69
2025-12-14T16:22:00.801Z,70.0,60.7,1,710310,9076275,PinguinoSeguro,66
2025-12-14T16:23:00.485Z,95.0,60.1,5,717589,9083428,PinguinoSeguro,66
2025-12-14T16:24:00.186Z,75.0,59.9,1,729563,9093582,PinguinoSeguro,74
2025-12-14T16:25:00.849Z,100.0,60.5,0,741739,9104725,PinguinoSeguro,67
2025-12-14T16:26:00.478Z,67.0,61.8,0,765205,9435698,PinguinoSeguro,66
2025-12-14T16:27:00.286Z,91.0,60.5,4,776421,9461031,PinguinoSeguro,75
2025-12-14T16:28:00.899Z,69.0,60.3,0,781590,9465486,PinguinoSeguro,74
2025-12-14T16:29:00.518Z,8.0,60.9,0,812625,9807539,PinguinoSeguro,73
2025-12-14T16:30:00.931Z,11.0,60.5,0,845173,10111169,PinguinoSeguro,73
2025-12-14T16:31:00.338Z,24.0,75.9,1,2766791,11840920,PinguinoSeguro,66
2025-12-14T16:32:00.889Z,17.0,74.2,0,2815674,12548807,PinguinoSeguro,65
2025-12-14T16:33:00.347Z,28.0,72.0,0,2855812,13008450,PinguinoSeguro,66
2025-12-14T16:34:00.686Z,13.0,42.2,0,5023030,15662843,PinguinoSeguro,90
2025-12-14T16:35:00.100Z,14.0,42.7,0,5119709,15952622,PinguinoSeguro,66
2025-12-14T16:36:00.486Z,15.0,42.3,0,5171465,16048019,PinguinoSeguro,66
2025-12-14T16:37:00.934Z,15.0,41.8,8,5469696,16515168,PinguinoSeguro,73
2025-12-14T16:38:00.294Z,16.0,41.8,0,5554034,25533090,PinguinoSeguro,67
2025-12-14T16:39:00.780Z,14.0,41.8,0,5864668,25905331,PinguinoSeguro,66
2025-12-14T16:40:00.150Z,16.0,42.1,0,5924757,25941402,PinguinoSeguro,73
2025-12-14T16:41:00.599Z,15.0,42.1,0,5951690,26015584,PinguinoSeguro,65
2025-12-14T16:42:00.072Z,15.0,42.8,0,6026622,26062177,PinguinoSeguro,65
2025-12-14T16:43:00.504Z,10.0,43.5,0,7251705,27575882,PinguinoSeguro,66
2025-12-14T16:44:00.972Z,21.0,44.0,0,7713527,28226821,PinguinoSeguro,66
2025-12-14T16:45:00.343Z,10.0,44.1,0,9342159,30100869,PinguinoSeguro,66
2025-12-14T16:46:00.743Z,19.0,43.1,0,9452416,30232876,PinguinoSeguro,73
2025-12-14T16:47:00.117Z,17.0,43.1,0,9522327,30272097,PinguinoSeguro,65
2025-12-14T16:48:00.534Z,38.0,43.9,0,9882337,31030243,PinguinoSeguro,65
2025-12-14T16:49:00.824Z,22.0,44.0,0,9936104,31064082,PinguinoSeguro,65
2025-12-14T16:50:00.119Z,36.0,44.6,0,11715620,33460845,PinguinoSeguro,65
2025-12-14T16:51:00.427Z,44.0,47.5,0,12913985,35309568,PinguinoSeguro,65
2025-12-14T16:52:00.736Z,62.0,51.1,0,14575287,41151319,PinguinoSeguro,66
2025-12-14T16:53:01.709Z,52.0,48.4,0,15492729,42490986,PinguinoSeguro,65
2025-12-14T16:54:00.390Z,57.0,50.7,9,16407174,50322587,PinguinoSeguro,65
2025-12-14T16:55:00.735Z,38.0,50.7,0,18077133,52015296,PinguinoSeguro,66
2025-12-14T16:56:00.069Z,36.0,50.9,0,19377220,53320868,PinguinoSeguro,73
2025-12-14T16:57:00.392Z,55.0,49.6,8,19482951,53514695,PinguinoSeguro,65
2025-12-14T16:58:00.737Z,62.0,50.9,0,19618774,53732028,PinguinoSeguro,66
2025-12-14T16:59:00.106Z,48.0,50.5,0,22249350,55362397,PinguinoSeguro,74
2025-12-14T17:00:00.467Z,58.0,51.7,0,24608504,57582366,PinguinoSeguro,66
2025-12-14T17:01:01.015Z,75.0,52.1,13,24711182,57847842,PinguinoSeguro,73
2025-12-14T17:02:00.380Z,65.0,51.1,0,25757986,59025868,PinguinoSeguro,66
2025-12-14T17:03:00.744Z,51.0,50.4,16,25890150,59289476,PinguinoSeguro,66
2025-12-14T17:04:00.099Z,55.0,50.6,27,26674335,62056229,PinguinoSeguro,65
2025-12-14T17:05:00.457Z,47.0,52.5,0,27626088,62853579,PinguinoSeguro,66
2025-12-14T17:06:00.801Z,54.0,53.9,0,30489949,65176858,PinguinoSeguro,66
2025-12-14T17:07:00.156Z,65.0,51.9,5,30727606,65914016,PinguinoSeguro,66
2025-12-14T17:08:00.573Z,59.0,51.4,0,30842925,66117243,PinguinoSeguro,67
2025-12-14T17:09:00.925Z,62.0,53.4,0,31433586,66968978,PinguinoSeguro,66
2025-12-14T17:10:00.262Z,59.0,53.7,5,33485247,68689030,PinguinoSeguro,66
2025-12-14T17:11:00.605Z,60.0,52.0,0,33704161,69146033,PinguinoSeguro,66
2025-12-14T17:12:00.964Z,34.0,51.9,0,33815363,69394838,PinguinoSeguro,65
2025-12-14T17:13:00.308Z,54.0,54.7,0,35585898,70802312,PinguinoSeguro,66
2025-12-14T17:14:00.661Z,59.0,52.2,19,36663325,71481041,PinguinoSeguro,67
2025-12-14T17:15:01.002Z,66.0,55.2,9,39604702,72375160,PinguinoSeguro,66
2025-12-14T17:16:00.404Z,89.0,53.2,0,41864026,73011631,PinguinoSeguro,68
2025-12-14T17:17:00.862Z,48.0,52.4,0,42535676,84785375,PinguinoSeguro,74
2025-12-14T17:18:00.195Z,47.0,52.9,0,43154802,84938134,PinguinoSeguro,74
2025-12-14T17:19:00.554Z,37.0,54.7,0,46365587,85255710,PinguinoSeguro,67
2025-12-14T17:20:00.927Z,82.0,53.0,0,47565743,85460608,PinguinoSeguro,66
2025-12-14T17:21:00.277Z,66.0,52.8,0,48873549,86108221,PinguinoSeguro,66
2025-12-14T17:22:00.635Z,83.0,52.9,0,49741276,86769084,PinguinoSeguro,66
2025-12-14T17:23:01.009Z,34.0,53.8,0,51951446,87964852,PinguinoSeguro,65
2025-12-14T17:24:00.388Z,45.0,52.2,0,54096218,88370293,PinguinoSeguro,63
2025-12-14T17:25:00.720Z,39.0,51.8,0,54443172,88690523,PinguinoSeguro,63
2025-12-14T17:26:00.046Z,48.0,51.7,0,54473330,88780163,PinguinoSeguro,63
2025-12-14T17:27:00.407Z,82.0,53.6,0,54803956,89007938,PinguinoSeguro,71
2025-12-14T17:28:00.789Z,50.0,53.8,0,55888000,89288063,PinguinoSeguro,63
2025-12-14T17:29:00.128Z,49.0,53.0,0,56502046,89507405,PinguinoSeguro,68
2025-12-14T17:30:00.467Z,32.0,52.8,0,57096242,89662780,PinguinoSeguro,74
2025-12-14T17:31:00.801Z,46.0,54.8,0,58298681,90250266,PinguinoSeguro,66
2025-12-14T17:32:00.132Z,76.0,56.3,0,61819677,90861227,PinguinoSeguro,66
2025-12-14T17:33:00.497Z,67.0,54.7,0,62100936,90909699,PinguinoSeguro,65
2025-12-14T17:34:00.844Z,76.0,54.8,0,62954324,91455434,PinguinoSeguro,63
2025-12-14T17:35:00.448Z,46.0,53.6,0,63399072,91591901,PinguinoSeguro,66
2025-12-14T17:36:00.787Z,50.0,53.5,8,63672358,99776709,PinguinoSeguro,66
2025-12-14T17:37:00.128Z,56.0,53.8,0,64004055,112366377,PinguinoSeguro,66
2025-12-14T17:38:00.497Z,46.0,53.3,0,64282468,125124561,PinguinoSeguro,66
2025-12-14T17:39:00.819Z,28.0,53.5,0,64427122,131231425,PinguinoSeguro,66
2025-12-14T17:40:00.141Z,44.0,54.1,0,64466382,131254831,PinguinoSeguro,66
2025-12-14T17:41:00.482Z,28.0,53.4,0,64500323,131349928,PinguinoSeguro,66
2025-12-14T17:42:00.809Z,34.0,53.5,0,64542754,131382801,PinguinoSeguro,74
2025-12-14T17:43:00.138Z,46.0,53.8,0,64562153,131401331,PinguinoSeguro,74
2025-12-14T17:44:00.498Z,50.0,53.3,5,64619341,131455726,PinguinoSeguro,74
2025-12-14T17:45:00.830Z,50.0,53.5,34,64638046,131469288,PinguinoSeguro,74
2025-12-14T17:46:00.165Z,49.0,53.4,23,64667916,131562732,PinguinoSeguro,65
2025-12-14T17:47:00.544Z,87.0,53.3,23,64703843,131592280,PinguinoSeguro,74
2025-12-14T17:48:00.935Z,42.0,53.8,29,64722819,131605001,PinguinoSeguro,74
2025-12-14T17:49:00.269Z,58.0,53.5,24,64755093,131642214,PinguinoSeguro,74
2025-12-14T17:50:00.618Z,48.0,53.5,23,64772507,131654246,PinguinoSeguro,74
2025-12-14T17:51:00.955Z,36.0,53.6,29,64819525,131762423,PinguinoSeguro,65
2025-12-14T17:52:00.293Z,50.0,53.8,28,64835600,131774316,PinguinoSeguro,65
2025-12-14T17:53:00.633Z,61.0,53.6,4,64851335,131786245,PinguinoSeguro,65
2025-12-14T17:54:00.993Z,49.0,54.1,0,65449031,131974668,PinguinoSeguro,65
2025-12-14T17:55:00.496Z,38.0,54.2,0,66743947,132490025,PinguinoSeguro,67
2025-12-14T17:56:00.837Z,60.0,54.7,0,67226481,132885392,PinguinoSeguro,75
2025-12-14T17:57:00.192Z,59.0,55.8,11,68221075,136865573,PinguinoSeguro,67
2025-12-14T17:58:00.565Z,63.0,53.7,0,68339537,138184079,PinguinoSeguro,66
2025-12-14T17:59:00.945Z,72.0,53.3,0,70089070,138429348,PinguinoSeguro,66
2025-12-14T18:00:00.340Z,73.0,53.6,0,71123112,138911890,PinguinoSeguro,67
2025-12-14T18:01:00.713Z,36.0,52.9,0,72089471,139225125,PinguinoSeguro,75
2025-12-14T18:02:00.043Z,35.0,56.2,0,72498455,139905786,PinguinoSeguro,66
2025-12-14T18:03:00.377Z,46.0,54.1,0,73809094,146257607,PinguinoSeguro,67
2025-12-14T18:04:00.730Z,32.0,54.6,0,75079729,146948850,PinguinoSeguro,66
2025-12-14T18:05:00.065Z,52.0,53.0,0,75952887,149389079,PinguinoSeguro,75
2025-12-14T18:06:00.440Z,60.0,53.2,10,76072037,149767844,PinguinoSeguro,66
2025-12-14T18:07:00.873Z,66.0,52.2,40,76111665,149948082,PinguinoSeguro,66
2025-12-14T18:08:00.273Z,32.0,52.7,0,76149359,149987783,PinguinoSeguro,65
2025-12-14T18:09:00.639Z,74.0,55.5,0,77503123,150133773,PinguinoSeguro,65
2025-12-14T18:10:01.015Z,75.0,53.7,0,78233748,150950782,PinguinoSeguro,65
2025-12-14T18:11:00.411Z,33.0,53.3,0,78280888,151062539,PinguinoSeguro,65
2025-12-14T18:12:00.746Z,40.0,54.8,0,78583017,162135504,PinguinoSeguro,65
2025-12-14T18:13:00.100Z,44.0,54.2,0,78974737,162727241,PinguinoSeguro,65
2025-12-14T18:14:00.441Z,38.0,54.6,0,81123771,163004185,PinguinoSeguro,65
2025-12-14T18:15:00.767Z,32.0,54.6,0,82303226,166574189,PinguinoSeguro,65
2025-12-14T18:16:00.085Z,42.0,55.1,0,82353105,166675583,PinguinoSeguro,63
2025-12-14T18:17:00.422Z,38.0,55.0,10,82374440,166690951,PinguinoSeguro,63
2025-12-14T18:18:00.766Z,54.0,55.2,0,83548950,167070007,PinguinoSeguro,67
2025-12-14T18:19:00.099Z,62.0,55.4,0,84714374,167201603,PinguinoSeguro,65
2025-12-14T18:20:00.418Z,48.0,55.2,0,86229854,167515657,PinguinoSeguro,65
2025-12-14T18:21:00.792Z,78.0,55.7,0,88756859,167925347,PinguinoSeguro,67
2025-12-14T18:22:00.211Z,72.0,55.3,0,92296352,168197859,PinguinoSeguro,65
2025-12-14T18:23:00.590Z,51.0,55.6,0,94502465,168699260,PinguinoSeguro,65
2025-12-14T18:24:00.915Z,46.0,55.6,0,94948641,169203223,PinguinoSeguro,65
2025-12-14T18:25:00.249Z,49.0,56.0,0,95767711,169648445,PinguinoSeguro,74
2025-12-14T18:26:00.576Z,43.0,56.5,0,96263588,169998474,PinguinoSeguro,61
2025-12-14T18:27:00.911Z,30.0,55.2,0,96819657,170539153,PinguinoSeguro,62
2025-12-14T18:28:00.238Z,42.0,54.2,0,98376888,170786085,PinguinoSeguro,60
2025-12-14T18:29:00.568Z,49.0,55.2,0,99413203,171348534,PinguinoSeguro,67
2025-12-14T18:30:00.893Z,34.0,55.8,0,100778988,171679590,PinguinoSeguro,63
2025-12-14T18:31:00.220Z,47.0,54.2,0,102462487,172391297,PinguinoSeguro,65
2025-12-14T18:32:00.567Z,92.0,57.2,0,104528097,172878798,PinguinoSeguro,63
2025-12-14T18:33:01.016Z,48.0,54.1,0,106657659,173352582,PinguinoSeguro,63
2025-12-14T18:34:00.345Z,45.0,55.5,0,108566445,173922375,PinguinoSeguro,63
2025-12-14T18:35:00.697Z,31.0,55.2,0,110491726,174422899,PinguinoSeguro,63
2025-12-14T18:36:01.032Z,43.0,55.2,0,112377411,174862007,PinguinoSeguro,65
2025-12-14T18:37:00.369Z,66.0,56.2,0,134782681,197162686,PinguinoSeguro,63
2025-12-14T18:38:00.693Z,53.0,55.7,0,134889182,197234540,PinguinoSeguro,63
2025-12-14T18:39:00.031Z,39.0,57.6,0,135584392,197567672,PinguinoSeguro,63
2025-12-14T18:40:00.371Z,55.0,56.5,0,136054037,197830143,PinguinoSeguro,63
2025-12-14T18:41:00.716Z,40.0,55.3,0,137510398,198069673,PinguinoSeguro,63
2025-12-14T18:42:00.044Z,44.0,54.9,0,137559538,198125059,PinguinoSeguro,63
2025-12-14T18:43:00.374Z,57.0,55.0,0,137927388,198216542,PinguinoSeguro,66
2025-12-14T18:44:00.691Z,45.0,54.8,0,137961727,198242123,PinguinoSeguro,66
2025-12-14T18:45:00.017Z,52.0,54.9,0,138008155,198282494,PinguinoSeguro,87
2025-12-14T18:46:00.350Z,34.0,56.0,0,138047052,198377001,PinguinoSeguro,63
2025-12-14T18:47:00.674Z,39.0,55.5,0,138090042,198402241,PinguinoSeguro,63
2025-12-14T18:48:01.008Z,47.0,55.3,0,138121560,198432333,PinguinoSeguro,63
2025-12-14T18:49:00.335Z,42.0,55.3,0,138168383,198462156,PinguinoSeguro,63
2025-12-14T18:50:00.665Z,33.0,55.6,0,138200164,198490806,PinguinoSeguro,63
2025-12-14T18:51:00.994Z,38.0,55.3,0,138242667,198594613,PinguinoSeguro,63
2025-12-14T18:52:00.313Z,34.0,55.3,0,138267705,198608586,PinguinoSeguro,63
2025-12-14T18:53:00.642Z,47.0,55.8,11,138289060,198620730,PinguinoSeguro,63
2025-12-14T18:54:00.995Z,31.0,55.6,11,138321870,198646621,PinguinoSeguro,63
2025-12-14T18:55:00.343Z,40.0,55.3,11,138352937,198674067,PinguinoSeguro,63
2025-12-14T18:56:00.702Z,38.0,55.5,11,138390712,198763485,PinguinoSeguro,72
2025-12-14T18:57:00.073Z,78.0,55.5,11,138420372,198783370,PinguinoSeguro,63
2025-12-14T18:58:00.493Z,46.0,55.6,11,138447055,198802897,PinguinoSeguro,63
2025-12-14T18:59:00.854Z,45.0,55.6,11,138470866,198816479,PinguinoSeguro,72
2025-12-14T19:00:00.275Z,57.0,55.4,11,138505425,198845217,PinguinoSeguro,63
2025-12-14T19:01:00.640Z,42.0,55.7,11,138557264,198980342,PinguinoSeguro,63
2025-12-14T19:02:00.997Z,51.0,55.8,11,138587002,198997166,PinguinoSeguro,63
2025-12-14T19:03:00.367Z,33.0,56.0,11,138609172,199009579,PinguinoSeguro,63
2025-12-14T19:04:00.732Z,35.0,56.2,11,138634779,199023251,PinguinoSeguro,66
2025-12-14T19:05:00.089Z,50.0,56.1,11,138684694,199076000,PinguinoSeguro,71
2025-12-14T19:06:00.456Z,48.0,55.6,11,138729001,199181502,PinguinoSeguro,73
2025-12-14T19:07:00.880Z,93.0,54.6,0,139141215,199312366,PinguinoSeguro,73
2025-12-14T19:08:00.311Z,30.0,54.6,0,139163418,199325035,PinguinoSeguro,73
2025-12-14T19:09:00.657Z,43.0,54.6,0,139188453,199338832,PinguinoSeguro,74
2025-12-14T19:10:00.998Z,41.0,55.0,0,139219499,199359024,PinguinoSeguro,65
2025-12-14T19:11:00.325Z,47.0,54.8,0,139957144,199568878,PinguinoSeguro,63
2025-12-14T19:12:00.650Z,53.0,54.9,0,140348548,199708249,PinguinoSeguro,65
2025-12-14T19:13:00.988Z,29.0,55.1,0,140376829,199727194,PinguinoSeguro,73
2025-12-14T19:14:00.310Z,37.0,55.3,0,140405960,199744432,PinguinoSeguro,65
2025-12-14T19:15:00.640Z,33.0,55.3,0,140434793,199763690,PinguinoSeguro,63
2025-12-14T19:16:00.958Z,43.0,57.8,0,140802288,199905855,PinguinoSeguro,63
2025-12-14T19:17:00.283Z,38.0,56.6,0,141355855,200770799,PinguinoSeguro,63
2025-12-14T19:18:00.622Z,56.0,52.9,0,142037509,201621663,PinguinoSeguro,62
2025-12-14T19:19:00.996Z,83.0,53.5,0,142061894,201639722,PinguinoSeguro,63
2025-12-14T19:20:00.384Z,35.0,53.8,0,142086618,201656398,PinguinoSeguro,63
2025-12-14T19:21:00.718Z,33.0,53.6,0,142122503,201755334,PinguinoSeguro,65
2025-12-14T19:22:00.041Z,41.0,53.5,0,142157108,201779996,PinguinoSeguro,63
2025-12-14T19:23:00.359Z,41.0,53.7,0,142190850,201803636,PinguinoSeguro,65
2025-12-14T19:24:00.691Z,36.0,53.3,0,142218395,201823610,PinguinoSeguro,63
2025-12-14T19:25:01.006Z,43.0,53.8,0,142260751,201847704,PinguinoSeguro,63
2025-12-14T19:26:00.327Z,31.0,53.7,0,142292052,201934850,PinguinoSeguro,73
2025-12-14T19:27:00.641Z,34.0,53.8,0,142344482,201974799,PinguinoSeguro,67
2025-12-14T19:28:00.957Z,27.0,54.1,0,142376277,202004735,PinguinoSeguro,65
2025-12-14T19:29:00.281Z,41.0,53.8,10,142407003,202028492,PinguinoSeguro,65
2025-12-14T19:30:00.624Z,35.0,53.8,11,142431531,202044243,PinguinoSeguro,65
2025-12-14T19:31:00.982Z,63.0,53.5,11,142491099,202190602,PinguinoSeguro,65
2025-12-14T19:32:00.369Z,73.0,53.6,11,142511970,202203516,PinguinoSeguro,65
2025-12-14T19:33:00.799Z,38.0,53.9,11,142541206,202224912,PinguinoSeguro,65
2025-12-14T19:34:00.167Z,71.0,53.7,23,142571178,202246639,PinguinoSeguro,73
2025-12-14T19:35:00.587Z,46.0,53.7,11,142599425,202265166,PinguinoSeguro,73
2025-12-14T19:36:00.943Z,36.0,54.9,10,142630402,202352097,PinguinoSeguro,73
2025-12-14T19:37:00.317Z,40.0,55.1,11,142676039,202388591,PinguinoSeguro,65
2025-12-14T19:38:00.673Z,29.0,55.1,10,142712808,202418193,PinguinoSeguro,63
2025-12-14T19:39:00.032Z,46.0,55.4,11,142740591,202439533,PinguinoSeguro,63
2025-12-14T19:40:00.403Z,36.0,56.0,11,142761839,202453264,PinguinoSeguro,63
2025-12-14T19:41:00.758Z,39.0,56.1,10,142803835,202551999,PinguinoSeguro,65
2025-12-14T19:42:00.129Z,75.0,55.5,11,142832840,202571127,PinguinoSeguro,63
2025-12-14T19:43:00.567Z,51.0,55.7,11,142861532,202590201,PinguinoSeguro,73
2025-12-14T19:44:00.929Z,58.0,55.3,10,142906178,202623192,PinguinoSeguro,73
2025-12-14T19:45:00.297Z,45.0,55.6,10,142935553,202642555,PinguinoSeguro,73
2025-12-14T19:46:00.690Z,41.0,55.8,11,142967398,202736871,PinguinoSeguro,73
2025-12-14T19:47:00.050Z,43.0,55.5,23,142996010,202757875,PinguinoSeguro,67
2025-12-14T19:48:00.418Z,52.0,55.7,10,143021575,202771416,PinguinoSeguro,73
2025-12-14T19:49:00.776Z,37.0,55.8,10,143053239,202799413,PinguinoSeguro,73
2025-12-14T19:50:00.138Z,37.0,55.9,10,143073418,202810176,PinguinoSeguro,73
2025-12-14T19:51:00.507Z,77.0,55.4,11,143104719,202904471,PinguinoSeguro,73
2025-12-14T19:52:00.935Z,43.0,55.7,11,143129298,202916669,PinguinoSeguro,65
2025-12-14T19:53:00.308Z,35.0,55.5,10,143150273,202928040,PinguinoSeguro,73
2025-12-14T19:54:00.669Z,53.0,55.8,10,143181815,202956218,PinguinoSeguro,65
2025-12-14T19:55:00.034Z,40.0,55.5,11,143210168,202974968,PinguinoSeguro,63
2025-12-14T19:56:00.390Z,42.0,55.9,11,143244890,203063113,PinguinoSeguro,73
2025-12-14T19:57:00.754Z,33.0,55.7,10,143277602,203086132,PinguinoSeguro,73
2025-12-14T19:58:00.128Z,35.0,55.6,11,143303902,203103934,PinguinoSeguro,73
2025-12-14T19:59:00.495Z,32.0,55.2,10,143335471,203132091,PinguinoSeguro,73
2025-12-14T20:00:00.878Z,43.0,55.4,10,143359701,203144504,PinguinoSeguro,73
2025-12-14T20:01:00.257Z,71.0,55.0,11,143407746,203277712,PinguinoSeguro,73
2025-12-14T20:02:00.679Z,44.0,55.3,10,143468451,203373616,PinguinoSeguro,65
2025-12-14T20:03:00.041Z,32.0,55.5,10,143496102,203388500,PinguinoSeguro,63
2025-12-14T20:04:00.405Z,35.0,55.4,23,143525075,203409684,PinguinoSeguro,63
2025-12-14T20:05:00.771Z,56.0,55.5,10,143554004,203430630,PinguinoSeguro,65
2025-12-14T20:06:00.141Z,41.0,55.6,11,143591041,203521883,PinguinoSeguro,63
2025-12-14T20:07:00.492Z,33.0,55.1,10,143620532,203540972,PinguinoSeguro,63
2025-12-14T20:08:00.849Z,38.0,55.6,10,143642280,203553308,PinguinoSeguro,73
2025-12-14T20:09:00.227Z,47.0,55.5,11,143673641,203580656,PinguinoSeguro,73
2025-12-14T20:10:00.621Z,52.0,55.1,11,143697349,203592466,PinguinoSeguro,73
2025-12-14T20:11:00.054Z,67.0,55.2,11,143731549,203680826,PinguinoSeguro,73
2025-12-14T20:12:00.505Z,48.0,55.3,11,143752329,203692206,PinguinoSeguro,63
2025-12-14T20:13:00.864Z,39.0,55.1,10,143773446,203706335,PinguinoSeguro,67
2025-12-14T20:14:00.238Z,38.0,55.3,10,143811623,203743861,PinguinoSeguro,65
2025-12-14T20:15:00.604Z,41.0,55.4,10,143843099,203764166,PinguinoSeguro,73
2025-12-14T20:16:00.967Z,43.0,55.5,11,143877949,203864723,PinguinoSeguro,63
2025-12-14T20:17:00.327Z,52.0,55.2,23,143906773,203883521,PinguinoSeguro,63
2025-12-14T20:18:00.695Z,39.0,55.4,10,143932158,203896524,PinguinoSeguro,73
2025-12-14T20:19:00.068Z,48.0,55.8,11,143963676,203925030,PinguinoSeguro,65
2025-12-14T20:20:00.441Z,29.0,55.9,10,143987356,203940082,PinguinoSeguro,73
2025-12-14T20:21:00.827Z,74.0,55.1,0,144182714,204393414,PinguinoSeguro,73
2025-12-14T20:22:00.297Z,34.0,56.1,0,146455571,205257059,PinguinoSeguro,65
2025-12-14T20:23:00.637Z,36.0,56.5,0,149089439,206087087,PinguinoSeguro,65
2025-12-14T20:24:00.979Z,35.0,56.3,0,149230959,206711158,PinguinoSeguro,63
2025-12-14T20:25:00.313Z,45.0,56.3,0,149378517,207344226,PinguinoSeguro,65
2025-12-14T20:26:00.656Z,34.0,56.6,0,149517697,208036907,PinguinoSeguro,65
2025-12-14T20:27:00.986Z,46.0,55.7,0,149650729,208660899,PinguinoSeguro,65
2025-12-14T20:28:01.646Z,50.0,55.8,0,149810010,209341900,PinguinoSeguro,65
2025-12-14T20:29:00.993Z,46.0,55.9,0,149920692,209899570,PinguinoSeguro,65
2025-12-14T20:30:00.323Z,31.0,55.8,0,150048175,210513989,PinguinoSeguro,65
2025-12-14T20:31:00.654Z,40.0,57.6,0,150241703,211349309,PinguinoSeguro,65
2025-12-14T20:32:00.973Z,51.0,57.6,10,150364208,211963431,PinguinoSeguro,65
2025-12-14T20:33:00.320Z,74.0,57.5,10,150503235,212588357,PinguinoSeguro,65
2025-12-14T20:34:00.717Z,41.0,57.4,10,150627504,213198468,PinguinoSeguro,65
2025-12-14T20:35:00.068Z,40.0,57.6,23,150753403,213813974,PinguinoSeguro,65
2025-12-14T20:36:00.428Z,36.0,57.3,10,150892642,214520289,PinguinoSeguro,65
2025-12-14T20:37:00.789Z,38.0,56.9,10,151020075,215136106,PinguinoSeguro,65
2025-12-14T20:38:00.145Z,32.0,57.1,10,151161819,215762612,PinguinoSeguro,65
2025-12-14T20:39:00.510Z,38.0,57.0,10,151281081,216370017,PinguinoSeguro,65
2025-12-14T20:40:00.871Z,45.0,57.2,10,151398713,216977030,PinguinoSeguro,65
2025-12-14T20:41:00.226Z,57.0,57.1,10,151557658,217688031,PinguinoSeguro,89
2025-12-14T20:42:00.586Z,40.0,57.1,10,151685273,218303802,PinguinoSeguro,73
2025-12-14T20:43:01.015Z,100.0,58.8,0,152313361,234393657,PinguinoSeguro,65
2025-12-14T20:44:00.826Z,43.0,56.3,0,154250749,235362231,PinguinoSeguro,63
2025-12-14T20:45:00.180Z,47.0,57.3,0,155316430,235847687,PinguinoSeguro,63
2025-12-14T20:46:00.629Z,93.0,56.8,3,156063663,242196203,PinguinoSeguro,65
2025-12-14T20:47:00.110Z,51.0,56.3,0,156525449,246291576,PinguinoSeguro,65
2025-12-14T20:48:00.474Z,62.0,57.7,0,157595471,246388893,PinguinoSeguro,63
2025-12-14T20:49:00.833Z,47.0,59.8,0,161833263,299006189,PinguinoSeguro,66
2025-12-14T20:50:00.205Z,45.0,58.9,0,161905635,299109962,PinguinoSeguro,65
2025-12-14T20:51:00.549Z,64.0,57.9,0,165076612,299801898,PinguinoSeguro,65
2025-12-14T20:52:00.983Z,62.0,57.5,0,168151559,300194727,PinguinoSeguro,65
2025-12-14T20:53:00.333Z,76.0,57.1,0,168719303,300374714,PinguinoSeguro,65
2025-12-14T20:54:00.765Z,67.0,56.5,0,169885594,300635215,PinguinoSeguro,65
2025-12-14T20:55:00.388Z,39.0,56.1,0,170665619,301805203,PinguinoSeguro,63
2025-12-14T20:56:00.736Z,43.0,59.6,0,171653308,302107813,PinguinoSeguro,65
2025-12-14T20:57:00.091Z,49.0,60.9,0,172849610,302325829,PinguinoSeguro,63
2025-12-14T20:58:00.456Z,26.0,59.2,0,174020038,302544329,PinguinoSeguro,65
2025-12-14T20:59:00.798Z,39.0,57.9,0,174196579,302605157,PinguinoSeguro,65
2025-12-14T21:00:00.160Z,50.0,58.8,0,175392218,302846583,PinguinoSeguro,63
2025-12-14T21:01:00.524Z,47.0,58.3,0,175530493,302998254,PinguinoSeguro,66
2025-12-14T21:02:00.860Z,33.0,57.7,0,177743090,303256433,PinguinoSeguro,65
2025-12-14T21:03:00.322Z,38.0,58.1,0,178614048,303860831,PinguinoSeguro,65
2025-12-14T21:04:00.655Z,41.0,59.5,0,180193697,304929933,PinguinoSeguro,63
2025-12-14T21:05:01.011Z,74.0,56.2,0,182615909,305465135,PinguinoSeguro,65
2025-12-14T21:06:00.388Z,42.0,55.8,0,183579310,305789160,PinguinoSeguro,63
2025-12-14T21:07:00.737Z,45.0,55.3,0,184423500,306152267,PinguinoSeguro,63
2025-12-14T21:08:00.074Z,42.0,55.5,0,185695560,306661286,PinguinoSeguro,63
2025-12-14T21:09:00.426Z,48.0,56.8,0,186841048,307400010,PinguinoSeguro,63
2025-12-14T21:10:00.942Z,46.0,60.2,0,187626739,307655790,PinguinoSeguro,63
2025-12-14T21:11:00.297Z,44.0,56.8,0,187669378,307766840,PinguinoSeguro,65
2025-12-14T21:12:00.630Z,47.0,57.8,0,188239325,308032498,PinguinoSeguro,65
2025-12-14T21:13:00.965Z,42.0,58.0,0,190469293,308499515,PinguinoSeguro,65
2025-12-14T21:14:00.350Z,89.0,62.5,0,191630011,308746801,PinguinoSeguro,63
2025-12-14T21:15:00.723Z,34.0,54.8,0,192354567,308955258,PinguinoSeguro,65
2025-12-14T21:16:00.063Z,75.0,56.2,0,193897205,309336442,PinguinoSeguro,63
2025-12-14T21:17:00.498Z,75.0,56.6,0,194046948,309414442,PinguinoSeguro,63
2025-12-14T21:18:00.885Z,48.0,60.4,0,195365764,309692213,PinguinoSeguro,63
2025-12-14T21:19:00.249Z,49.0,58.7,22,196101684,311556418,PinguinoSeguro,71
2025-12-14T21:20:00.583Z,40.0,57.2,8,196287566,311735954,PinguinoSeguro,65
2025-12-14T21:21:00.937Z,44.0,58.5,0,197093235,312224101,PinguinoSeguro,65
2025-12-14T21:22:00.285Z,46.0,57.0,0,197951349,312386717,PinguinoSeguro,65
2025-12-14T21:23:00.635Z,76.0,56.3,0,199033263,312577279,PinguinoSeguro,63
2025-12-14T21:24:00.077Z,28.0,54.3,0,199958512,312822416,PinguinoSeguro,63
2025-12-14T21:25:00.403Z,49.0,54.6,0,200638201,312991373,PinguinoSeguro,63
2025-12-14T21:26:00.738Z,31.0,53.3,1,200854417,313967612,PinguinoSeguro,65
2025-12-14T21:27:00.157Z,100.0,58.0,1,201284075,318007470,PinguinoSeguro,65
2025-12-14T21:28:00.648Z,56.0,57.3,0,201865599,323715203,PinguinoSeguro,65
2025-12-14T21:29:00.132Z,33.0,55.3,0,201945974,323779444,PinguinoSeguro,65
2025-12-14T21:30:00.470Z,36.0,52.4,0,202034321,323803810,PinguinoSeguro,65
2025-12-14T21:31:00.795Z,36.0,52.4,8,202096946,323945431,PinguinoSeguro,65
2025-12-14T21:32:00.137Z,33.0,52.7,0,202523228,324453109,PinguinoSeguro,73
2025-12-14T21:33:00.472Z,41.0,52.6,1,202565596,324632929,PinguinoSeguro,65
2025-12-14T21:34:00.812Z,71.0,51.3,0,202599095,324824462,PinguinoSeguro,65
2025-12-14T21:35:00.189Z,47.0,51.7,0,202644837,325065011,PinguinoSeguro,63
2025-12-14T21:36:00.530Z,42.0,59.2,8,204677193,338057825,PinguinoSeguro,65
2025-12-14T21:37:00.901Z,44.0,61.2,6,206526083,386840422,PinguinoSeguro,65
2025-12-14T21:38:00.290Z,49.0,63.1,17,207231180,386943674,PinguinoSeguro,66
2025-12-14T21:39:00.655Z,45.0,63.1,7,208167760,411154982,PinguinoSeguro,65
2025-12-14T21:40:01.029Z,74.0,67.0,0,208293505,417380290,PinguinoSeguro,65
2025-12-14T21:41:00.445Z,51.0,68.0,3,208682003,435453815,PinguinoSeguro,65
2025-12-14T21:42:00.783Z,41.0,66.4,0,208911348,440835142,PinguinoSeguro,63
2025-12-14T21:43:00.113Z,50.0,66.6,0,208983138,443853389,PinguinoSeguro,63
2025-12-14T21:44:00.445Z,46.0,66.4,0,209053866,443882218,PinguinoSeguro,63
2025-12-14T21:45:00.785Z,72.0,67.0,0,209198440,458985670,PinguinoSeguro,63
2025-12-14T21:46:00.198Z,38.0,60.6,0,209552069,461557616,PinguinoSeguro,63
2025-12-14T21:47:00.534Z,60.0,61.3,8,209591360,461584227,PinguinoSeguro,63
2025-12-14T21:48:00.867Z,54.0,52.7,0,210218595,467698192,PinguinoSeguro,63
2025-12-14T21:49:00.241Z,52.0,54.7,18,211540549,468071885,PinguinoSeguro,62
2025-12-14T21:50:00.607Z,51.0,52.8,16,211865550,476447959,PinguinoSeguro,63
2025-12-14T21:51:00.979Z,52.0,53.8,10,212105613,493504935,PinguinoSeguro,63
2025-12-14T21:52:00.339Z,44.0,53.5,0,213812443,500038674,PinguinoSeguro,63
2025-12-14T21:53:00.694Z,63.0,53.9,10,215572365,509253595,PinguinoSeguro,63
2025-12-14T21:54:00.087Z,59.0,53.2,0,215933825,512427430,PinguinoSeguro,63
2025-12-14T21:55:00.483Z,45.0,53.0,0,216119463,513666547,PinguinoSeguro,63
2025-12-14T21:56:00.832Z,73.0,51.1,0,217210380,526129481,PinguinoSeguro,63
2025-12-14T21:57:00.221Z,46.0,56.3,7,217316767,530595685,PinguinoSeguro,63
2025-12-14T21:58:00.549Z,62.0,57.9,10,217537186,571809013,PinguinoSeguro,63
2025-12-14T21:59:00.921Z,44.0,57.4,1,218771231,599102992,PinguinoSeguro,63
2025-12-14T22:00:00.295Z,50.0,53.8,0,219044160,605530797,PinguinoSeguro,63
2025-12-14T22:01:00.649Z,43.0,57.1,0,220020893,612766280,PinguinoSeguro,63
2025-12-14T22:02:01.017Z,40.0,56.2,0,220248340,616340145,PinguinoSeguro,63
2025-12-14T22:03:00.429Z,44.0,55.2,0,221463650,617265264,PinguinoSeguro,63
2025-12-14T22:04:00.770Z,46.0,56.0,0,223632325,628750068,PinguinoSeguro,71
2025-12-14T22:05:00.096Z,57.0,56.1,13,225544659,636715612,PinguinoSeguro,62
2025-12-14T22:06:00.442Z,52.0,56.0,12,225746046,638428503,PinguinoSeguro,62
2025-12-14T22:07:00.809Z,71.0,55.8,8,227052208,649881670,PinguinoSeguro,63
2025-12-14T22:08:00.247Z,37.0,56.0,0,238675559,671990202,PinguinoSeguro,62
2025-12-14T22:09:00.596Z,51.0,55.0,4,250983856,687983741,PinguinoSeguro,62
2025-12-14T22:10:00.980Z,66.0,55.5,20,255192595,713829467,PinguinoSeguro,62
2025-12-14T22:11:00.334Z,44.0,55.7,0,257555300,719319984,PinguinoSeguro,63
2025-12-14T22:12:00.677Z,46.0,55.9,1,259278447,744384335,PinguinoSeguro,62
2025-12-14T22:13:01.079Z,57.0,54.9,0,260949169,755217779,PinguinoSeguro,62
2025-12-14T22:14:00.436Z,46.0,57.2,0,262749712,760580669,PinguinoSeguro,63
2025-12-14T22:15:00.794Z,77.0,57.2,0,265287867,788987634,PinguinoSeguro,63
2025-12-14T22:16:00.172Z,47.0,56.2,6,265836810,789653103,PinguinoSeguro,63
2025-12-14T22:17:00.532Z,67.0,57.4,0,271626894,805000261,PinguinoSeguro,65
2025-12-14T22:18:00.102Z,55.0,57.1,10,274239283,818635286,PinguinoSeguro,63
2025-12-14T22:19:00.470Z,46.0,57.9,0,277001596,852988373,PinguinoSeguro,63
2025-12-14T22:20:00.837Z,51.0,55.2,0,278272844,853224471,PinguinoSeguro,65
2025-12-14T22:21:00.197Z,88.0,58.7,0,279810706,884733840,PinguinoSeguro,63
2025-12-14T22:22:00.634Z,64.0,59.1,0,284334841,904807907,PinguinoSeguro,63
2025-12-14T22:23:00.998Z,44.0,56.4,0,285137803,931981744,PinguinoSeguro,63
2025-12-14T22:24:00.353Z,51.0,55.6,0,286555085,945714559,PinguinoSeguro,63
2025-12-14T22:25:00.748Z,62.0,56.3,0,287564103,949557651,PinguinoSeguro,62
2025-12-14T22:26:00.108Z,46.0,55.4,0,290482106,954681251,PinguinoSeguro,65
2025-12-14T22:27:00.475Z,61.0,55.0,0,291404346,982225447,PinguinoSeguro,65
2025-12-14T22:28:00.837Z,92.0,56.0,0,292676959,994937926,PinguinoSeguro,65
2025-12-14T22:29:00.262Z,55.0,55.6,0,294508909,1001648929,PinguinoSeguro,65
2025-12-14T22:30:00.613Z,50.0,54.8,0,296189559,1001977973,PinguinoSeguro,63
2025-12-14T22:31:00.965Z,37.0,56.5,0,297944536,1037321785,PinguinoSeguro,65
2025-12-14T22:32:00.367Z,46.0,46.5,0,299169144,1048759443,PinguinoSeguro,63
2025-12-14T22:33:00.399Z,49.0,48.0,0,299597527,1055617487,PinguinoSeguro,63
2025-12-14T22:34:00.750Z,44.0,46.6,0,301402068,1056086417,PinguinoSeguro,63
2025-12-14T22:35:00.098Z,46.0,47.4,0,303022892,1082238141,PinguinoSeguro,63
2025-12-14T22:36:00.436Z,44.0,43.9,0,303228522,1089918079,PinguinoSeguro,63
2025-12-14T22:37:00.775Z,46.0,43.1,0,303268855,1089949184,PinguinoSeguro,63
2025-12-14T22:38:00.110Z,38.0,47.3,3,303303086,1090286454,PinguinoSeguro,65
2025-12-14T22:39:00.472Z,82.0,46.7,22,304090546,1093771580,PinguinoSeguro,63
2025-12-14T22:40:00.971Z,49.0,41.9,3,304357069,1093832556,PinguinoSeguro,63
2025-12-14T22:41:00.321Z,31.0,43.0,0,304694382,1094628603,PinguinoSeguro,63
2025-12-14T22:42:00.653Z,61.0,44.8,0,304730526,1094673323,PinguinoSeguro,72
2025-12-14T22:43:01.017Z,41.0,46.6,0,304757256,1094682509,PinguinoSeguro,62
2025-12-14T22:45:00.445Z,81.0,13.3,0,17616,25920,PinguinoSeguro,65
2025-12-14T22:46:00.967Z,49.0,17.1,0,128802,138563,PinguinoSeguro,65
2025-12-14T22:47:00.507Z,15.0,17.0,0,130516,142496,PinguinoSeguro,65
2025-12-14T22:48:00.844Z,27.0,18.3,0,130626,143921,PinguinoSeguro,65
2025-12-14T22:49:00.220Z,25.0,36.9,0,2111151,1742039,PinguinoSeguro,63
2025-12-14T22:50:00.580Z,12.0,43.0,0,3028324,3921236,PinguinoSeguro,63
2025-12-14T22:51:00.958Z,14.0,41.2,0,3620450,4659619,PinguinoSeguro,63
2025-12-14T22:52:00.384Z,94.0,45.0,9,3813694,5894129,PinguinoSeguro,65
2025-12-14T22:53:00.712Z,12.0,49.1,0,4136232,7527834,PinguinoSeguro,63
2025-12-14T22:54:00.090Z,14.0,43.5,0,4189729,7619737,PinguinoSeguro,63
2025-12-14T22:55:00.532Z,16.0,44.6,0,4248853,7667363,PinguinoSeguro,89
2025-12-14T22:56:00.912Z,23.0,45.8,0,4511237,8034450,PinguinoSeguro,72
2025-12-14T22:57:00.289Z,37.0,72.2,0,5611441,9760852,PinguinoSeguro,63
2025-12-14T22:58:00.118Z,13.0,71.4,0,6904843,10314904,PinguinoSeguro,65
2025-12-14T22:59:00.470Z,17.0,70.1,0,6963806,10416070,PinguinoSeguro,65
2025-12-14T23:00:00.869Z,37.0,71.5,8,7264535,10861375,PinguinoSeguro,89
2025-12-14T23:01:00.264Z,22.0,71.2,0,7413703,10988065,PinguinoSeguro,65
2025-12-14T23:02:00.715Z,20.0,40.7,0,7969518,11655046,PinguinoSeguro,65
2025-12-14T23:03:00.094Z,16.0,41.0,0,8294705,11857180,PinguinoSeguro,66
2025-12-14T23:04:00.531Z,18.0,41.0,1,9016069,12095832,PinguinoSeguro,66
2025-12-14T23:05:00.975Z,28.0,38.3,0,9647011,15890208,PinguinoSeguro,66
2025-12-14T23:06:00.366Z,22.0,39.2,1,9734077,16692155,PinguinoSeguro,66
2025-12-14T23:07:00.801Z,80.0,41.1,41,10444845,17018777,PinguinoSeguro,66
2025-12-14T23:08:00.193Z,17.0,36.4,0,10829162,17068347,PinguinoSeguro,69
2025-12-14T23:09:00.578Z,19.0,35.9,0,10867641,17151953,PinguinoSeguro,66
2025-12-14T23:10:00.966Z,19.0,35.6,0,10892581,17177104,PinguinoSeguro,69
2025-12-14T23:11:00.447Z,12.0,36.0,0,10894105,17178758,PinguinoSeguro,69
2025-12-14T23:12:00.833Z,16.0,35.7,0,10918387,17197637,PinguinoSeguro,67
2025-12-14T23:13:00.223Z,20.0,35.6,0,10938013,17221950,PinguinoSeguro,67
2025-12-14T23:14:00.620Z,14.0,35.6,0,10945706,17293895,PinguinoSeguro,66
2025-12-14T23:15:00.070Z,14.0,36.7,0,10952384,17300516,PinguinoSeguro,67
2025-12-14T23:16:00.462Z,21.0,36.4,0,10967752,17317182,PinguinoSeguro,67
2025-12-14T23:17:00.904Z,12.0,38.1,0,11259993,17783102,PinguinoSeguro,66
2025-12-14T23:18:00.315Z,36.0,44.8,0,121748612,19686555,PinguinoSeguro,63
2025-12-14T23:19:00.736Z,17.0,43.7,0,123291938,19846619,PinguinoSeguro,65
2025-12-14T23:20:00.141Z,16.0,40.2,0,124223650,19999095,PinguinoSeguro,65
2025-12-14T23:21:00.595Z,20.0,45.8,20,124481697,21155199,PinguinoSeguro,66
2025-12-14T23:22:01.010Z,21.0,41.4,29,125416602,28197405,PinguinoSeguro,66
2025-12-14T23:23:00.410Z,12.0,40.7,24,125662006,39075238,PinguinoSeguro,69
2025-12-14T23:24:00.790Z,19.0,40.0,24,125939993,50170831,PinguinoSeguro,67
2025-12-14T23:25:00.176Z,19.0,40.0,24,126183841,61066770,PinguinoSeguro,67
2025-12-14T23:26:00.582Z,16.0,40.1,23,126326440,67052580,PinguinoSeguro,67
2025-12-14T23:27:01.026Z,15.0,40.2,29,126351614,67134761,PinguinoSeguro,66
2025-12-14T23:28:00.397Z,37.0,47.9,24,126669608,67567390,PinguinoSeguro,66
2025-12-14T23:29:00.732Z,17.0,43.5,23,127683361,67875648,PinguinoSeguro,66
2025-12-14T23:30:00.078Z,16.0,43.9,0,127803847,89212525,PinguinoSeguro,66
2025-12-14T23:31:00.424Z,20.0,46.2,0,128818879,89383583,PinguinoSeguro,65
2025-12-14T23:32:00.776Z,13.0,44.4,0,129579263,89545628,PinguinoSeguro,65
2025-12-14T23:33:00.254Z,12.0,42.8,0,129606361,89617013,PinguinoSeguro,66
2025-12-14T23:34:00.637Z,72.0,47.8,14,129701532,93010175,PinguinoSeguro,65
2025-12-14T23:35:01.020Z,32.0,51.6,0,130342872,100610584,PinguinoSeguro,65
2025-12-14T23:36:00.319Z,15.0,48.5,0,130485688,100784064,PinguinoSeguro,72
2025-12-14T23:37:00.656Z,19.0,49.0,0,131142067,100990239,PinguinoSeguro,66
2025-12-14T23:38:01.040Z,18.0,47.7,0,138686616,111050757,PinguinoSeguro,66
2025-12-14T23:39:00.408Z,32.0,50.9,0,141331298,129937182,PinguinoSeguro,66
2025-12-14T23:40:00.760Z,13.0,52.6,0,141630543,130108396,PinguinoSeguro,65
2025-12-14T23:41:00.208Z,16.0,50.8,0,142570067,130243681,PinguinoSeguro,66
2025-12-14T23:42:00.574Z,15.0,50.7,0,143432832,130381741,PinguinoSeguro,66
2025-12-14T23:43:00.945Z,18.0,52.9,0,145399283,130797418,PinguinoSeguro,65
2025-12-14T23:44:00.321Z,18.0,53.5,0,146130058,131010601,PinguinoSeguro,62
2025-12-14T23:45:00.644Z,30.0,53.0,17,148319664,131263281,PinguinoSeguro,63
2025-12-14T23:46:00.161Z,22.0,55.3,3,150532559,131842454,PinguinoSeguro,63
2025-12-14T23:47:00.515Z,15.0,61.3,2,151660920,141378794,PinguinoSeguro,63
2025-12-14T23:48:00.571Z,10.0,53.3,0,152138580,141881477,PinguinoSeguro,63
2025-12-14T23:49:01.000Z,17.0,56.3,0,152812210,143297421,PinguinoSeguro,63
2025-12-14T23:50:00.440Z,17.0,56.1,0,152865133,143450064,PinguinoSeguro,62
2025-12-14T23:51:00.793Z,56.0,63.3,0,153568851,143720265,PinguinoSeguro,62
2025-12-14T23:52:00.150Z,23.0,63.0,0,155226358,144056427,PinguinoSeguro,63
2025-12-14T23:53:00.460Z,24.0,64.7,0,156547477,144173031,PinguinoSeguro,63
2025-12-14T23:54:00.801Z,21.0,64.3,0,156648532,144255464,PinguinoSeguro,63
2025-12-14T23:55:00.180Z,17.0,62.3,0,160428137,144666576,PinguinoSeguro,63
2025-12-14T23:56:00.533Z,19.0,59.2,11,161445081,145483633,PinguinoSeguro,62
2025-12-14T23:57:00.915Z,20.0,60.6,0,163384448,145742864,PinguinoSeguro,62
2025-12-14T23:58:00.304Z,17.0,61.2,0,164890707,145876570,PinguinoSeguro,62
2025-12-14T23:59:00.636Z,12.0,62.1,0,168157019,146105332,PinguinoSeguro,62
2025-12-15T00:00:01.013Z,32.0,63.4,0,168654051,146271834,PinguinoSeguro,62
2025-12-15T00:01:00.337Z,41.0,60.6,0,172990439,1405530384,PinguinoSeguro,63
2025-12-15T00:02:01.845Z,57.0,59.2,0,176271423,2384049934,PinguinoSeguro,62
2025-12-15T00:03:00.771Z,69.0,58.2,0,177355118,2384157124,PinguinoSeguro,65
2025-12-15T00:04:00.123Z,18.0,57.6,0,180015595,2384349012,PinguinoSeguro,63
2025-12-15T00:05:00.457Z,21.0,51.1,0,182739044,2384618652,PinguinoSeguro,71
2025-12-15T00:06:00.814Z,23.0,51.9,2,186119827,2384812849,PinguinoSeguro,65
2025-12-15T00:07:00.148Z,20.0,51.4,0,187811617,2385003360,PinguinoSeguro,63
2025-12-15T00:08:00.472Z,25.0,52.2,0,189570195,2385150639,PinguinoSeguro,63
2025-12-15T00:09:00.769Z,48.0,52.0,7,193055587,2392733703,PinguinoSeguro,65
2025-12-15T00:10:00.215Z,39.0,52.3,0,196153316,2487102561,PinguinoSeguro,65
2025-12-15T00:11:00.519Z,24.0,50.5,0,197964028,2487232305,PinguinoSeguro,63
2025-12-15T00:12:00.857Z,42.0,50.6,0,198943713,2487465497,PinguinoSeguro,63
2025-12-15T00:13:00.172Z,77.0,53.4,0,2406634707,4772495791,PinguinoSeguro,63
2025-12-15T00:14:00.535Z,27.0,57.0,0,2407199752,4772579708,PinguinoSeguro,63
2025-12-15T00:15:00.324Z,13.0,50.7,0,2407226031,4772652213,PinguinoSeguro,63
2025-12-15T00:16:00.654Z,16.0,50.6,0,2407243844,4772717673,PinguinoSeguro,63
2025-12-15T00:17:00.954Z,12.0,48.6,0,2407261900,4772792058,PinguinoSeguro,63
2025-12-15T00:18:00.328Z,16.0,48.7,0,2407307770,4772940832,PinguinoSeguro,65
2025-12-15T00:19:00.637Z,15.0,40.2,0,2407330937,4773012289,PinguinoSeguro,63
2025-12-15T00:20:00.942Z,12.0,39.9,0,2407355827,4773084745,PinguinoSeguro,65
2025-12-15T00:21:00.323Z,14.0,40.5,0,2407372206,4773148333,PinguinoSeguro,63
2025-12-15T00:22:00.635Z,16.0,40.4,0,2407400590,4773211567,PinguinoSeguro,63
2025-12-15T00:23:00.975Z,25.0,42.2,0,2408351738,4773442830,PinguinoSeguro,65
2025-12-15T00:24:00.305Z,20.0,44.5,0,2409381173,4773766788,PinguinoSeguro,63
2025-12-15T00:25:00.685Z,15.0,51.2,0,2411532902,4773999896,PinguinoSeguro,63
2025-12-15T00:26:00.082Z,43.0,48.9,0,2414042832,4774179862,PinguinoSeguro,63
2025-12-15T00:27:00.383Z,37.0,56.9,0,2417118660,4774631877,PinguinoSeguro,63
2025-12-15T00:28:00.706Z,28.0,53.3,7,2418556656,4777250995,PinguinoSeguro,65
2025-12-15T00:29:00.069Z,12.0,53.0,0,2418604758,4777400247,PinguinoSeguro,63
2025-12-15T00:30:00.445Z,11.0,52.9,0,2418679201,4777810770,PinguinoSeguro,63
2025-12-15T00:31:00.887Z,13.0,51.7,0,2418945006,4780021711,PinguinoSeguro,65
2025-12-15T00:32:00.349Z,22.0,54.1,0,2419756735,4781169404,PinguinoSeguro,63
2025-12-15T00:33:00.285Z,22.0,55.0,8,2419851794,4781971131,PinguinoSeguro,63
2025-12-15T00:34:00.633Z,39.0,57.4,0,2419965203,4783817977,PinguinoSeguro,63
2025-12-15T00:35:00.937Z,16.0,61.8,4,2421730913,4836936569,PinguinoSeguro,63
2025-12-15T00:36:00.262Z,13.0,55.2,0,2422333230,4837420197,PinguinoSeguro,63
2025-12-15T00:37:00.725Z,31.0,60.5,0,2422874036,4837585387,PinguinoSeguro,66
2025-12-15T00:38:00.139Z,30.0,54.6,10,2424126203,4837714189,PinguinoSeguro,65
2025-12-15T00:39:00.489Z,14.0,55.5,0,2424800170,4838397384,PinguinoSeguro,65
2025-12-15T00:40:00.957Z,12.0,52.9,0,2424896975,4839232330,PinguinoSeguro,63
2025-12-15T00:41:00.353Z,17.0,52.6,4,2424946058,4839366727,PinguinoSeguro,63
2025-12-15T00:42:00.779Z,10.0,45.4,0,2425032016,4840604722,PinguinoSeguro,66
2025-12-15T00:43:00.172Z,26.0,43.4,43,2425059209,4840675852,PinguinoSeguro,63
2025-12-15T00:44:00.645Z,18.0,40.7,0,2425135783,4840759521,PinguinoSeguro,65
2025-12-15T00:45:00.998Z,41.0,44.7,0,2426719013,4840916567,PinguinoSeguro,63
2025-12-15T00:46:00.321Z,14.0,48.9,0,2428904021,4841129989,PinguinoSeguro,65
2025-12-15T00:47:00.712Z,15.0,50.5,0,2431856895,4841356314,PinguinoSeguro,63
2025-12-15T00:48:00.030Z,20.0,47.5,10,2432574818,4841468988,PinguinoSeguro,63
2025-12-15T00:49:00.396Z,51.0,49.4,8,2432762062,4843704939,PinguinoSeguro,63
2025-12-15T00:50:00.780Z,15.0,45.6,0,2432821558,4844138399,PinguinoSeguro,65
2025-12-15T00:51:00.169Z,12.0,48.6,0,2436072618,4844466727,PinguinoSeguro,63
2025-12-15T00:52:00.618Z,17.0,49.6,0,2436898402,4844611574,PinguinoSeguro,65
2025-12-15T00:53:00.992Z,14.0,46.9,0,2436964761,4844977844,PinguinoSeguro,65
2025-12-15T00:54:00.378Z,17.0,45.3,0,2436992995,4845044491,PinguinoSeguro,67
2025-12-15T00:55:00.740Z,37.0,43.8,0,2437040031,4845114724,PinguinoSeguro,63
2025-12-15T00:56:00.064Z,37.0,45.5,0,2437573175,4845278126,PinguinoSeguro,63
2025-12-15T00:57:00.369Z,35.0,46.8,9,2437723239,4846438810,PinguinoSeguro,63
2025-12-15T00:58:00.703Z,20.0,47.5,0,2445494805,4856673841,PinguinoSeguro,63
2025-12-15T00:59:00.029Z,13.0,50.2,0,2446919937,4856807810,PinguinoSeguro,65
2025-12-15T01:00:00.417Z,19.0,51.0,0,2446969958,4856888893,PinguinoSeguro,65
2025-12-15T01:01:00.817Z,12.0,51.0,0,2450026479,4857187723,PinguinoSeguro,67
2025-12-15T01:02:00.216Z,14.0,51.9,0,2452567628,4857426296,PinguinoSeguro,63
2025-12-15T01:03:00.585Z,16.0,51.7,0,2452595178,4857492978,PinguinoSeguro,65
2025-12-15T01:04:00.956Z,24.0,51.7,5,2454418992,4857647957,PinguinoSeguro,63
2025-12-15T01:05:00.343Z,33.0,51.6,0,2456178539,4857769965,PinguinoSeguro,63
2025-12-15T01:06:00.937Z,20.0,50.8,0,2456199446,4857834577,PinguinoSeguro,80
2025-12-15T01:07:00.270Z,38.0,50.1,0,2457891185,4858176048,PinguinoSeguro,65
2025-12-15T01:08:00.616Z,20.0,49.6,0,2459022838,4858294639,PinguinoSeguro,63
2025-12-15T01:09:00.976Z,17.0,50.2,7,2460227700,4858421249,PinguinoSeguro,63
2025-12-15T01:10:00.337Z,19.0,50.3,0,2460879248,4858502167,PinguinoSeguro,63
2025-12-15T01:11:00.666Z,41.0,48.7,21,2460976976,4860491217,PinguinoSeguro,84
2025-12-15T01:12:00.997Z,19.0,50.8,2,2461096032,4860794847,PinguinoSeguro,63
2025-12-15T01:13:00.348Z,17.0,48.1,3,2461186232,4861211795,PinguinoSeguro,63
2025-12-15T01:14:00.729Z,88.0,58.9,0,2461289215,4861994616,PinguinoSeguro,63
2025-12-15T01:15:00.134Z,15.0,57.8,0,2461454957,4862412019,PinguinoSeguro,63
2025-12-15T01:16:00.522Z,45.0,53.7,0,2461871130,4865416603,PinguinoSeguro,63
2025-12-15T01:17:00.095Z,38.0,54.7,8,2462077453,4865785895,PinguinoSeguro,63
2025-12-15T01:18:00.438Z,14.0,52.4,0,2462177924,4866502460,PinguinoSeguro,63
2025-12-15T01:19:00.823Z,13.0,52.0,0,2462273036,4867013432,PinguinoSeguro,63
2025-12-15T01:20:00.208Z,16.0,60.4,1,2462835074,4867279080,PinguinoSeguro,66
2025-12-15T01:21:00.571Z,12.0,59.3,0,2463560319,4868398936,PinguinoSeguro,63
2025-12-15T01:22:00.922Z,16.0,61.0,0,2464215646,4868754074,PinguinoSeguro,63
2025-12-15T01:23:00.294Z,19.0,57.3,0,2465034817,4869819565,PinguinoSeguro,63
2025-12-15T01:24:00.725Z,32.0,56.7,10,2465105754,4870049972,PinguinoSeguro,63
2025-12-15T01:25:00.067Z,14.0,57.6,0,2465694022,4870585181,PinguinoSeguro,66
2025-12-15T01:26:00.435Z,20.0,54.9,3,2466729325,4870840728,PinguinoSeguro,65
2025-12-15T01:27:00.775Z,24.0,53.9,7,2467390699,4873159761,PinguinoSeguro,63
2025-12-15T01:28:00.155Z,15.0,55.0,0,2468793329,4873446583,PinguinoSeguro,63
2025-12-15T01:29:00.523Z,20.0,58.9,0,2469485421,4873547477,PinguinoSeguro,63
2025-12-15T01:30:00.888Z,18.0,61.2,0,2471507659,4873749679,PinguinoSeguro,62
2025-12-15T01:31:00.232Z,26.0,61.0,0,2472086615,4873875928,PinguinoSeguro,63
2025-12-15T01:32:00.547Z,17.0,59.4,0,2473774973,4874137549,PinguinoSeguro,63
2025-12-15T01:33:00.893Z,18.0,63.4,0,2475771107,4874462671,PinguinoSeguro,63
2025-12-15T01:34:00.267Z,25.0,60.8,0,2475799484,4874537593,PinguinoSeguro,63
2025-12-15T01:35:00.600Z,20.0,53.6,8,2475891701,4875109800,PinguinoSeguro,63
2025-12-15T01:36:00.986Z,14.0,52.5,0,2475930735,4875231024,PinguinoSeguro,63
2025-12-15T01:37:00.345Z,43.0,55.7,0,2476409156,4875353137,PinguinoSeguro,71
2025-12-15T01:38:00.654Z,14.0,53.3,0,2476448252,4875424717,PinguinoSeguro,63
2025-12-15T01:39:00.125Z,25.0,55.7,34,2477027169,4875999773,PinguinoSeguro,71
2025-12-15T01:40:00.495Z,21.0,57.5,0,2478515443,4876156870,PinguinoSeguro,63
2025-12-15T01:41:00.818Z,32.0,62.3,36,2480752113,4929108448,PinguinoSeguro,63
2025-12-15T01:42:00.200Z,20.0,55.7,31,2480783129,4929190251,PinguinoSeguro,63
2025-12-15T01:43:00.528Z,11.0,55.9,0,2480800360,4929237868,PinguinoSeguro,65
2025-12-15T01:44:00.935Z,13.0,55.7,0,2480824182,4929308079,PinguinoSeguro,65
2025-12-15T01:45:00.346Z,16.0,53.9,0,2480858172,4929388588,PinguinoSeguro,63
2025-12-15T01:46:00.724Z,20.0,53.8,29,2480872964,4929449506,PinguinoSeguro,63
2025-12-15T01:47:00.116Z,19.0,56.9,0,2481791851,4929825821,PinguinoSeguro,65
2025-12-15T01:48:00.465Z,22.0,58.3,6,2482129548,4932902951,PinguinoSeguro,63
2025-12-15T01:49:00.903Z,16.0,56.2,8,2482319754,4934143421,PinguinoSeguro,63
2025-12-15T01:50:00.291Z,12.0,56.5,0,2482371126,4934243239,PinguinoSeguro,63
2025-12-15T01:51:00.667Z,20.0,63.7,0,2482901656,4938086588,PinguinoSeguro,65
2025-12-15T01:52:00.028Z,22.0,65.8,0,2485536643,4938342740,PinguinoSeguro,65
2025-12-15T01:53:00.398Z,16.0,67.6,0,2486221524,4938444126,PinguinoSeguro,65
2025-12-15T01:54:00.762Z,16.0,64.0,0,2488385076,4938605765,PinguinoSeguro,65
2025-12-15T01:55:00.137Z,21.0,70.7,0,2489997082,4938808860,PinguinoSeguro,65
2025-12-15T01:56:00.517Z,19.0,69.0,0,2493105376,4938998734,PinguinoSeguro,63
2025-12-15T01:57:00.982Z,11.0,65.2,0,2493161082,4939486289,PinguinoSeguro,66
2025-12-15T01:58:00.415Z,47.0,63.5,0,2493202449,4939618639,PinguinoSeguro,62
2025-12-15T01:59:00.735Z,24.0,65.3,0,2494059614,4939746672,PinguinoSeguro,65
2025-12-15T02:00:00.081Z,27.0,64.8,32,2494182568,4943223865,PinguinoSeguro,63
2025-12-15T02:01:00.439Z,75.0,68.7,11,2495865638,4944668882,PinguinoSeguro,63
2025-12-15T02:02:00.776Z,69.0,71.2,0,2498199686,5090784080,PinguinoSeguro,65
2025-12-15T02:03:00.142Z,30.0,69.9,1,2499858073,5090950904,PinguinoSeguro,63
2025-12-15T02:04:00.543Z,20.0,63.4,0,2501091694,5092806833,PinguinoSeguro,63
2025-12-15T02:05:00.921Z,38.0,63.4,14,2502415755,5093007425,PinguinoSeguro,63
2025-12-15T02:06:00.331Z,86.0,61.7,0,2502489866,5093139400,PinguinoSeguro,63
2025-12-15T02:07:00.700Z,37.0,58.7,17,2502754005,5099038297,PinguinoSeguro,63
2025-12-15T02:08:00.026Z,66.0,58.3,0,2502840346,5099259623,PinguinoSeguro,63
2025-12-15T02:09:00.333Z,19.0,57.9,0,2502911516,5099554348,PinguinoSeguro,63
2025-12-15T02:10:00.660Z,38.0,60.1,0,2503469915,5099862944,PinguinoSeguro,63
2025-12-15T02:11:00.962Z,17.0,63.8,0,2504817066,5100314775,PinguinoSeguro,63
2025-12-15T02:12:00.338Z,16.0,64.8,0,2504892612,5100544115,PinguinoSeguro,63
2025-12-15T02:13:00.670Z,22.0,64.6,0,2504953208,5100765955,PinguinoSeguro,63
2025-12-15T02:14:00.998Z,15.0,64.5,0,2505038718,5101109940,PinguinoSeguro,63
2025-12-15T02:15:00.398Z,14.0,64.3,0,2505122513,5101398972,PinguinoSeguro,63
2025-12-15T02:16:00.717Z,20.0,66.9,0,2505179640,5101611955,PinguinoSeguro,63
2025-12-15T02:17:00.108Z,56.0,67.5,0,2505252465,5101842882,PinguinoSeguro,63
2025-12-15T02:18:00.425Z,24.0,67.4,0,2505344051,5102113983,PinguinoSeguro,63
2025-12-15T02:19:00.743Z,19.0,57.9,4,2505433522,5102357151,PinguinoSeguro,69
2025-12-15T02:20:00.103Z,15.0,58.3,0,2505523459,5102764443,PinguinoSeguro,63
2025-12-15T02:21:00.526Z,14.0,58.4,0,2505649025,5104231754,PinguinoSeguro,63
2025-12-15T02:22:00.917Z,25.0,59.6,47,2505768805,5111500228,PinguinoSeguro,63
2025-12-15T02:23:00.254Z,13.0,59.8,0,2505836195,5111779094,PinguinoSeguro,62
2025-12-15T02:24:00.664Z,20.0,61.2,0,2506416594,5112142966,PinguinoSeguro,63
2025-12-15T02:25:00.071Z,21.0,60.3,0,2506488853,5112476345,PinguinoSeguro,63
2025-12-15T02:26:00.428Z,15.0,64.6,0,2509135230,5113072497,PinguinoSeguro,68
2025-12-15T02:27:00.808Z,14.0,65.0,0,2509201218,5113304218,PinguinoSeguro,63
2025-12-15T02:28:00.179Z,16.0,61.9,0,2509279384,5113586271,PinguinoSeguro,63
2025-12-15T02:29:00.574Z,17.0,61.6,0,2509378148,5113909010,PinguinoSeguro,63
2025-12-15T02:30:00.947Z,16.0,64.0,0,2509850122,5114167552,PinguinoSeguro,65
2025-12-15T02:31:00.321Z,13.0,61.9,1,2512388968,5116593635,PinguinoSeguro,62
2025-12-15T02:32:00.694Z,20.0,60.1,6,2512494503,5117370815,PinguinoSeguro,63
2025-12-15T02:33:00.106Z,21.0,59.9,2,2512566645,5117593868,PinguinoSeguro,65
2025-12-15T02:34:00.477Z,59.0,68.5,0,2513682513,5117897493,PinguinoSeguro,63
2025-12-15T02:35:00.792Z,16.0,62.0,0,2515499526,5118213026,PinguinoSeguro,63
2025-12-15T02:36:00.198Z,18.0,63.5,0,2515552122,5118397949,PinguinoSeguro,63
2025-12-15T02:37:00.569Z,30.0,63.7,0,2517699525,5118795902,PinguinoSeguro,63
2025-12-15T02:38:00.864Z,34.0,63.5,0,2520074025,5119127243,PinguinoSeguro,65
2025-12-15T02:39:00.179Z,21.0,63.4,0,2520135762,5119349105,PinguinoSeguro,63
2025-12-15T02:40:00.511Z,18.0,61.1,22,2520547404,5133897927,PinguinoSeguro,72
2025-12-15T02:41:00.825Z,36.0,59.5,20,2520854913,5138718114,PinguinoSeguro,63
2025-12-15T02:42:00.162Z,19.0,65.8,0,2521745286,5139328796,PinguinoSeguro,66
2025-12-15T02:43:00.550Z,13.0,66.8,0,2522266231,5139662478,PinguinoSeguro,63
2025-12-15T02:44:00.945Z,76.0,67.2,0,2524801487,5140665421,PinguinoSeguro,63
2025-12-15T02:45:00.298Z,33.0,66.0,0,2525402412,5140986133,PinguinoSeguro,62
2025-12-15T02:46:00.639Z,52.0,67.3,0,2527729702,5148271675,PinguinoSeguro,62
2025-12-15T02:47:00.947Z,18.0,65.9,0,2530123741,5148692315,PinguinoSeguro,63
2025-12-15T02:48:00.301Z,20.0,65.0,0,2532076047,5149074591,PinguinoSeguro,63
2025-12-15T02:49:00.845Z,74.0,65.3,23,2533784322,5151191785,PinguinoSeguro,63
2025-12-15T02:50:00.914Z,80.0,62.0,26,2536647801,5151498280,PinguinoSeguro,63
2025-12-15T02:51:00.329Z,36.0,67.7,0,2537727841,5155727199,PinguinoSeguro,62
2025-12-15T02:52:00.330Z,18.0,60.8,0,2540022574,5156308778,PinguinoSeguro,62
2025-12-15T02:53:00.768Z,15.0,61.6,0,2541364682,5156651615,PinguinoSeguro,62
2025-12-15T02:54:00.177Z,17.0,58.2,0,2541496549,5160611459,PinguinoSeguro,63
2025-12-15T02:55:00.478Z,24.0,63.2,14,2542282789,5164661007,PinguinoSeguro,63
2025-12-15T02:56:00.785Z,42.0,54.4,17,2543400868,5166889226,PinguinoSeguro,66
2025-12-15T02:57:00.106Z,57.0,59.9,0,2544862714,5167146754,PinguinoSeguro,62
2025-12-15T02:58:00.460Z,99.0,61.7,0,2547617717,5169377133,PinguinoSeguro,62
2025-12-15T02:59:00.912Z,49.0,67.4,0,2549976976,5169655821,PinguinoSeguro,63
2025-12-15T03:00:00.517Z,38.0,61.5,0,2553486455,5169939311,PinguinoSeguro,70
2025-12-15T03:01:00.547Z,71.0,58.1,50,2553557349,5171928226,PinguinoSeguro,62
2025-12-15T03:02:00.905Z,12.0,56.2,0,2553589718,5171994143,PinguinoSeguro,63
2025-12-15T03:03:00.202Z,100.0,61.0,0,2556703337,5172284828,PinguinoSeguro,63
2025-12-15T03:04:00.563Z,20.0,59.7,0,2561123457,5172747745,PinguinoSeguro,63
2025-12-15T03:05:00.928Z,32.0,64.8,19,2561225464,5176644650,PinguinoSeguro,62
2025-12-15T03:06:00.894Z,64.0,54.4,36,2561288540,5176763409,PinguinoSeguro,62
2025-12-15T03:07:00.245Z,24.0,55.4,19,2561323336,5176833037,PinguinoSeguro,85
2025-12-15T03:08:00.580Z,25.0,56.2,0,2561849302,5177034763,PinguinoSeguro,62
2025-12-15T03:09:00.940Z,19.0,58.7,45,2562574256,5177271156,PinguinoSeguro,63
2025-12-15T03:10:00.322Z,25.0,54.6,18,2562668461,5177597425,PinguinoSeguro,72
2025-12-15T03:11:00.649Z,19.0,52.9,0,2562692696,5177648878,PinguinoSeguro,65
2025-12-15T03:12:01.004Z,48.0,58.9,0,2564336452,5177893779,PinguinoSeguro,87
2025-12-15T03:13:00.325Z,23.0,60.1,0,2565766483,5178165333,PinguinoSeguro,63
2025-12-15T03:14:00.666Z,16.0,57.9,0,2567225879,5178341847,PinguinoSeguro,63
2025-12-15T03:15:01.013Z,28.0,55.5,20,2567339195,5182272792,PinguinoSeguro,63
2025-12-15T03:16:00.362Z,18.0,54.5,0,2567368249,5182384265,PinguinoSeguro,63
2025-12-15T03:17:00.665Z,14.0,57.2,0,2569147630,5182682814,PinguinoSeguro,63
2025-12-15T03:18:01.002Z,14.0,59.6,0,2570943073,5182939569,PinguinoSeguro,63
2025-12-15T03:19:00.359Z,18.0,59.7,0,2570984410,5183055923,PinguinoSeguro,63
2025-12-15T03:20:00.693Z,20.0,61.5,0,2572756567,5183247313,PinguinoSeguro,63
2025-12-15T03:21:00.040Z,25.0,57.3,0,2572793726,5183309805,PinguinoSeguro,63
2025-12-15T03:22:00.341Z,35.0,56.5,0,2573332894,5183464347,PinguinoSeguro,65
2025-12-15T03:23:00.661Z,30.0,58.2,0,2575275296,5183822896,PinguinoSeguro,65
2025-12-15T03:24:00.981Z,25.0,58.9,0,2577256686,5184021577,PinguinoSeguro,63
2025-12-15T03:25:00.287Z,26.0,57.3,21,2577302158,5184106883,PinguinoSeguro,63
2025-12-15T03:26:00.617Z,67.0,50.1,28,2577459086,5191171519,PinguinoSeguro,63
2025-12-15T03:27:00.922Z,25.0,50.8,0,2577657996,5193234005,PinguinoSeguro,63
2025-12-15T03:28:00.240Z,22.0,54.3,0,2578754316,5193465688,PinguinoSeguro,63
2025-12-15T03:29:00.557Z,76.0,54.5,0,2580399687,5194568362,PinguinoSeguro,63
2025-12-15T03:30:00.909Z,57.0,51.9,21,2582706168,5199169389,PinguinoSeguro,63
2025-12-15T03:31:00.242Z,18.0,53.9,0,2582733745,5199221038,PinguinoSeguro,63
2025-12-15T03:32:00.578Z,16.0,57.4,0,2584305694,5199435334,PinguinoSeguro,63
2025-12-15T03:33:00.925Z,28.0,59.2,8,2584365041,5199597468,PinguinoSeguro,63
2025-12-15T03:34:00.308Z,12.0,51.2,0,2584434498,5200212251,PinguinoSeguro,63
2025-12-15T03:35:00.726Z,16.0,51.7,0,2584495060,5200359484,PinguinoSeguro,63
2025-12-15T03:36:00.057Z,23.0,54.7,0,2585869479,5200570395,PinguinoSeguro,63
2025-12-15T03:37:00.360Z,17.0,58.9,0,2586390997,5200703418,PinguinoSeguro,63
2025-12-15T03:38:00.690Z,21.0,59.0,0,2587551386,5200825392,PinguinoSeguro,63
2025-12-15T03:39:00.046Z,23.0,59.8,14,2588890715,5200929818,PinguinoSeguro,63
2025-12-15T03:40:00.395Z,20.0,55.4,0,2589303676,5203184200,PinguinoSeguro,63
2025-12-15T03:41:00.756Z,14.0,57.1,0,2589794289,5203852383,PinguinoSeguro,63
2025-12-15T03:42:00.086Z,99.0,56.1,0,2590047238,5227757611,PinguinoSeguro,63
2025-12-15T03:43:00.428Z,25.0,53.3,10,2590607724,5228103310,PinguinoSeguro,63
2025-12-15T03:44:00.781Z,36.0,57.0,0,2592677711,5228554813,PinguinoSeguro,63
2025-12-15T03:45:00.102Z,24.0,58.5,0,2593719430,5228656581,PinguinoSeguro,63
2025-12-15T03:46:00.434Z,23.0,60.6,27,2595025459,5232821807,PinguinoSeguro,63
2025-12-15T03:47:00.868Z,19.0,55.2,0,2595068603,5232929753,PinguinoSeguro,65
2025-12-15T03:48:00.200Z,19.0,53.0,0,2597024771,5233676754,PinguinoSeguro,63
2025-12-15T03:49:00.529Z,16.0,55.0,0,2597179792,5233769735,PinguinoSeguro,65
2025-12-15T03:50:00.853Z,44.0,60.3,0,2598954478,5233888094,PinguinoSeguro,65
2025-12-15T03:51:00.159Z,18.0,59.2,0,2598988033,5233945196,PinguinoSeguro,63
2025-12-15T03:52:00.500Z,28.0,62.9,8,2600717982,5236847360,PinguinoSeguro,63
2025-12-15T03:53:00.814Z,14.0,57.0,0,2600793624,5237362870,PinguinoSeguro,63
2025-12-15T03:54:00.187Z,30.0,55.5,9,2600863944,5237724221,PinguinoSeguro,63
2025-12-15T03:55:00.537Z,29.0,55.5,3,2600918231,5238566823,PinguinoSeguro,63
2025-12-15T03:56:00.895Z,22.0,53.4,8,2600942043,5238616428,PinguinoSeguro,63
2025-12-15T03:57:00.294Z,13.0,53.5,0,2601013825,5239189694,PinguinoSeguro,65
2025-12-15T03:58:00.689Z,12.0,55.6,0,2601138593,5240546172,PinguinoSeguro,63
2025-12-15T03:59:00.076Z,18.0,53.9,4,2601170859,5240720274,PinguinoSeguro,63
2025-12-15T04:00:00.413Z,42.0,54.0,8,2601210532,5240838258,PinguinoSeguro,65
2025-12-15T04:01:00.786Z,12.0,53.9,0,2601312022,5242236891,PinguinoSeguro,63
2025-12-15T04:02:00.250Z,13.0,52.7,0,2601334122,5242297225,PinguinoSeguro,63
2025-12-15T04:03:00.693Z,14.0,53.1,0,2601362536,5242409721,PinguinoSeguro,63
2025-12-15T04:04:00.100Z,28.0,54.5,0,2601929734,5242680195,PinguinoSeguro,63
2025-12-15T04:05:00.440Z,33.0,55.7,12,2602948733,5245696209,PinguinoSeguro,63
2025-12-15T04:06:00.798Z,16.0,56.7,0,2602986790,5245780860,PinguinoSeguro,63
2025-12-15T04:07:00.155Z,16.0,57.0,0,2603021943,5245860767,PinguinoSeguro,63
2025-12-15T04:08:00.484Z,23.0,61.2,0,2603692204,5246129583,PinguinoSeguro,63
2025-12-15T04:09:00.794Z,19.0,60.0,0,2603823061,5249888977,PinguinoSeguro,63
2025-12-15T04:10:00.130Z,47.0,55.4,0,2603867874,5250022792,PinguinoSeguro,63
2025-12-15T04:11:00.432Z,15.0,58.1,0,2604350288,5250122260,PinguinoSeguro,63
2025-12-15T04:12:00.781Z,21.0,59.8,0,2604393993,5250204039,PinguinoSeguro,63
2025-12-15T04:13:00.128Z,21.0,64.3,0,2607436804,5250644425,PinguinoSeguro,63
2025-12-15T04:14:00.447Z,13.0,64.2,0,2607462403,5250713796,PinguinoSeguro,63
2025-12-15T04:15:00.753Z,17.0,65.5,0,2607489005,5250783891,PinguinoSeguro,63
2025-12-15T04:16:00.075Z,16.0,66.6,0,2607533883,5250920139,PinguinoSeguro,63
2025-12-15T04:17:00.395Z,24.0,64.7,0,2607572138,5251012996,PinguinoSeguro,65
2025-12-15T04:18:00.746Z,20.0,65.8,0,2608100809,5251190975,PinguinoSeguro,63
2025-12-15T04:19:00.088Z,19.0,68.5,0,2609461071,5251406054,PinguinoSeguro,63
2025-12-15T04:20:00.414Z,17.0,70.8,0,2609817480,5251616769,PinguinoSeguro,63
2025-12-15T04:21:00.734Z,46.0,71.3,0,2611379274,5252053725,PinguinoSeguro,63
2025-12-15T04:22:00.055Z,17.0,69.1,0,2611424512,5252224823,PinguinoSeguro,63
2025-12-15T04:23:00.358Z,30.0,64.6,0,2611449431,5252403998,PinguinoSeguro,63
2025-12-15T04:24:00.666Z,55.0,64.9,9,2611480032,5252529478,PinguinoSeguro,63
2025-12-15T04:25:00.984Z,26.0,55.4,8,2611635011,5254300895,PinguinoSeguro,63
2025-12-15T04:26:00.333Z,54.0,57.3,54,2612067457,5254561380,PinguinoSeguro,63
2025-12-15T04:27:00.660Z,19.0,55.7,0,2612298537,5257612646,PinguinoSeguro,66
2025-12-15T04:28:00.988Z,19.0,56.1,0,2612401441,5257733022,PinguinoSeguro,63
2025-12-15T04:29:00.304Z,20.0,58.8,0,2613528899,5257876738,PinguinoSeguro,63
2025-12-15T04:30:00.607Z,17.0,55.4,0,2613614727,5258020488,PinguinoSeguro,63
2025-12-15T04:31:00.934Z,65.0,63.7,0,2616384583,5258831255,PinguinoSeguro,63
2025-12-15T04:32:00.267Z,29.0,68.1,9,2616457740,5259865620,PinguinoSeguro,63
2025-12-15T04:33:00.633Z,28.0,55.9,7,2616493264,5259932032,PinguinoSeguro,63
2025-12-15T04:34:01.034Z,25.0,54.5,28,2616525744,5260047256,PinguinoSeguro,63
2025-12-15T04:35:00.390Z,42.0,58.7,0,2617002418,5260188838,PinguinoSeguro,63
2025-12-15T04:36:00.698Z,17.0,60.4,0,2618525239,5260413188,PinguinoSeguro,63
2025-12-15T04:37:00.053Z,15.0,59.2,0,2618603132,5260644579,PinguinoSeguro,63
2025-12-15T04:38:00.364Z,24.0,63.4,0,2619939881,5260911096,PinguinoSeguro,63
2025-12-15T04:39:00.700Z,22.0,61.8,0,2621351560,5261276312,PinguinoSeguro,63
2025-12-15T04:40:01.042Z,11.0,56.6,0,2621460738,5262420959,PinguinoSeguro,63
2025-12-15T04:41:00.456Z,24.0,54.4,0,2621501799,5262490656,PinguinoSeguro,63
2025-12-15T04:42:00.762Z,12.0,54.2,0,2621525907,5262565437,PinguinoSeguro,63
2025-12-15T04:43:00.074Z,18.0,54.3,0,2621571295,5262700548,PinguinoSeguro,63
2025-12-15T04:44:00.415Z,37.0,58.0,0,2622048323,5262796285,PinguinoSeguro,63
2025-12-15T04:45:00.751Z,30.0,59.6,0,2622755554,5262996701,PinguinoSeguro,63
2025-12-15T04:46:00.123Z,39.0,62.4,35,2624890910,5265899394,PinguinoSeguro,63
2025-12-15T04:47:00.459Z,30.0,62.9,0,2626829196,5266337491,PinguinoSeguro,63
2025-12-15T04:48:00.784Z,46.0,61.1,0,2628145324,5266967048,PinguinoSeguro,63
2025-12-15T04:49:00.154Z,29.0,65.9,0,2628323809,5267267036,PinguinoSeguro,65
2025-12-15T04:50:00.543Z,89.0,77.5,0,2628999683,5267605218,PinguinoSeguro,63
2025-12-15T04:51:00.439Z,26.0,69.6,0,2630716930,5267945246,PinguinoSeguro,63
2025-12-15T04:52:00.793Z,36.0,69.4,10,2630887589,5268536511,PinguinoSeguro,65
2025-12-15T04:53:00.306Z,26.0,60.5,1,2631072131,5270574130,PinguinoSeguro,63
2025-12-15T04:54:00.681Z,29.0,58.0,0,2631140376,5270799879,PinguinoSeguro,63
2025-12-15T04:55:00.984Z,29.0,59.1,0,2631592874,5271117481,PinguinoSeguro,63
2025-12-15T04:56:00.302Z,55.0,68.4,0,2632931046,5271597775,PinguinoSeguro,69
2025-12-15T04:57:00.671Z,41.0,61.9,0,2632999160,5271903981,PinguinoSeguro,63
2025-12-15T04:58:00.064Z,61.0,63.0,0,2633080109,5272133133,PinguinoSeguro,63
2025-12-15T04:59:00.478Z,35.0,63.3,0,2633146017,5272374827,PinguinoSeguro,63
2025-12-15T05:00:00.913Z,36.0,63.3,0,2633218203,5272611287,PinguinoSeguro,63
2025-12-15T05:01:00.251Z,23.0,65.9,0,2633328335,5273141731,PinguinoSeguro,65
2025-12-15T05:02:00.655Z,25.0,68.3,0,2633491903,5274567879,PinguinoSeguro,63
2025-12-15T05:03:01.001Z,30.0,66.5,0,2633659888,5276229265,PinguinoSeguro,63
2025-12-15T05:04:00.479Z,23.0,64.1,0,2633734164,5276505381,PinguinoSeguro,67
2025-12-15T05:05:00.890Z,25.0,64.5,0,2633801821,5276795094,PinguinoSeguro,73
2025-12-15T05:06:00.269Z,24.0,65.3,0,2633860948,5277019830,PinguinoSeguro,63
2025-12-15T05:07:00.675Z,26.0,64.8,0,2633942153,5277302983,PinguinoSeguro,63
2025-12-15T05:08:00.034Z,43.0,66.4,0,2634841006,5277647546,PinguinoSeguro,65
2025-12-15T05:09:00.365Z,24.0,66.5,0,2635796542,5277927850,PinguinoSeguro,65
2025-12-15T05:10:00.736Z,68.0,65.9,0,2636934275,5278357809,PinguinoSeguro,65
2025-12-15T05:11:00.131Z,31.0,61.7,0,2637405847,5279117700,PinguinoSeguro,63
2025-12-15T05:12:00.459Z,22.0,61.4,0,2638094141,5279229187,PinguinoSeguro,65
2025-12-15T05:13:00.851Z,23.0,63.4,0,2638124409,5279303757,PinguinoSeguro,89
2025-12-15T05:14:00.288Z,24.0,60.1,0,2638807295,5281304473,PinguinoSeguro,63
2025-12-15T05:15:00.776Z,25.0,59.8,0,2638928157,5283308796,PinguinoSeguro,63
2025-12-15T05:16:00.177Z,34.0,65.5,0,2638973733,5283410315,PinguinoSeguro,63
2025-12-15T05:17:00.538Z,41.0,71.7,0,2639602559,5284957807,PinguinoSeguro,65
2025-12-15T05:18:00.869Z,44.0,66.1,0,2641743214,5285232468,PinguinoSeguro,87
2025-12-15T05:19:00.193Z,56.0,66.9,0,2643932656,5285577153,PinguinoSeguro,63
2025-12-15T05:20:00.589Z,34.0,57.2,12,2644174145,5291247183,PinguinoSeguro,71
