time,amplitude
9.950050000000e-05,3.933386918220e-11
9.950100000000e-05,1.950879508838e-11
9.950150000000e-05,-4.760339451453e-12
9.950200000000e-05,-2.794537009099e-11
9.950250000000e-05,-4.476502269468e-11
9.950300000000e-05,-5.138792475172e-11
9.950350000000e-05,-4.630535915143e-11
9.950400000000e-05,-3.067495450031e-11
9.950450000000e-05,-8.057018288499e-12
9.950500000000e-05,1.639643312026e-11
9.950550000000e-05,3.711522420430e-11
9.950600000000e-05,4.937983321451e-11
9.950650000000e-05,5.039644937464e-11
9.950700000000e-05,3.993338767754e-11
9.950750000000e-05,2.037388947174e-11
9.950800000000e-05,-3.826724314987e-12
9.950850000000e-05,-2.715589948495e-11
9.950900000000e-05,-4.429952968876e-11
9.950950000000e-05,-5.135244612699e-11
9.951000000000e-05,-4.670798079696e-11
9.951050000000e-05,-3.142396856884e-11
9.951100000000e-05,-8.981812111187e-12
9.951150000000e-05,1.550651436892e-11
9.951200000000e-05,3.646289334567e-11
9.951250000000e-05,4.911368551563e-11
9.951300000000e-05,5.057711384543e-11
9.951350000000e-05,4.051971565385e-11
9.951400000000e-05,2.123232675448e-11
9.951450000000e-05,-2.891716390481e-12
9.951500000000e-05,-2.635730338160e-11
9.951550000000e-05,-4.381925707412e-11
9.951600000000e-05,-5.129990033725e-11
9.951650000000e-05,-4.709513538691e-11
9.951700000000e-05,-3.216263891071e-11
9.951750000000e-05,-9.903741760013e-12
9.951800000000e-05,1.461132774061e-11
9.951850000000e-05,3.579836243503e-11
9.951900000000e-05,4.883118454101e-11
9.951950000000e-05,5.074099684869e-11
9.952000000000e-05,4.109265657683e-11
9.952050000000e-05,2.208382083674e-11
9.952100000000e-05,-1.955626174200e-12
9.952150000000e-05,-2.554984594668e-11
9.952200000000e-05,-4.332436251185e-11
9.952250000000e-05,-5.123030262462e-11
9.952300000000e-05,-4.746669227106e-11
9.952350000000e-05,-3.289071874237e-11
9.952400000000e-05,-1.082250053119e-11
9.952450000000e-05,1.371116999663e-11
9.952500000000e-05,3.512185069255e-11
9.952550000000e-05,4.853242203330e-11
9.952600000000e-05,5.088804175045e-11
9.952650000000e-05,4.165201833487e-11
9.952700000000e-05,2.292808788862e-11
9.952750000000e-05,-1.018764562370e-12
9.952800000000e-05,-2.473379432469e-11
9.952850000000e-05,-4.281500854208e-11
9.952900000000e-05,-5.114367389920e-11
9.952950000000e-05,-4.782252596499e-11
9.953000000000e-05,-3.360796476724e-11
9.953050000000e-05,-1.173778273471e-11
9.953100000000e-05,1.280633958865e-11
9.953150000000e-05,3.443358134792e-11
9.953200000000e-05,4.821749515048e-11
9.953250000000e-05,5.101819750433e-11
9.953300000000e-05,4.219761330352e-11
9.953350000000e-05,2.376484644473e-11
9.953400000000e-05,-8.144274792652e-14
9.953450000000e-05,-2.390941855053e-11
9.953500000000e-05,-4.229136253066e-11
9.953550000000e-05,-5.104004073292e-11
9.953600000000e-05,-4.816251619253e-11
9.953650000000e-05,-3.431413725700e-11
9.953700000000e-05,-1.264928379606e-11
9.953750000000e-05,1.189713655974e-11
9.953800000000e-05,3.373378156661e-11
9.953850000000e-05,4.788650643423e-11
9.953900000000e-05,5.113141866928e-11
9.953950000000e-05,4.272925840840e-11
9.954000000000e-05,2.459381749804e-11
9.954050000000e-05,8.560278828581e-13
9.954100000000e-05,-2.307699146013e-11
9.954150000000e-05,-4.175359661415e-11
9.954200000000e-05,-5.091943535139e-11
9.954250000000e-05,-4.848654792634e-11
9.954300000000e-05,-3.500900013171e-11
9.954350000000e-05,-1.355670035756e-11
9.954400000000e-05,1.098386244488e-11
9.954450000000e-05,3.302268237498e-11
9.954500000000e-05,4.753956377663e-11
9.954550000000e-05,5.122766542538e-11
9.954600000000e-05,4.324677518661e-11
9.954650000000e-05,2.541472459294e-11
9.954700000000e-05,1.793335853817e-12
9.954750000000e-05,-2.223678860013e-11
9.954800000000e-05,-4.120188764324e-11
9.954850000000e-05,-5.078189562392e-11
9.954900000000e-05,-4.879451142687e-11
9.954950000000e-05,-3.569232103873e-11
9.955000000000e-05,-1.445973037931e-11
9.955050000000e-05,1.006682017095e-11
9.955100000000e-05,3.230051858393e-11
9.955150000000e-05,4.717678038494e-11
9.955200000000e-05,5.130690358781e-11
9.955250000000e-05,4.374998984666e-11
9.955300000000e-05,2.622729391741e-11
9.955350000000e-05,2.730169702376e-12
9.955400000000e-05,-2.138908813674e-11
9.955450000000e-05,-4.063641712458e-11
9.955500000000e-05,-5.062746505176e-11
9.955550000000e-05,-4.908630227946e-11
9.955600000000e-05,-3.636387143042e-11
9.955650000000e-05,-1.535807323979e-11
9.955700000000e-05,9.146313956288e-12
9.955750000000e-05,3.156752871145e-11
9.955800000000e-05,4.679827474468e-11
9.955850000000e-05,5.136910461894e-11
9.955900000000e-05,4.423873332679e-11
9.955950000000e-05,2.703125439433e-11
9.956000000000e-05,3.666218083056e-12
9.956050000000e-05,-2.053417076357e-11
9.956100000000e-05,-4.005737116113e-11
9.956150000000e-05,-5.045619275425e-11
9.956200000000e-05,-4.936182142976e-11
9.956250000000e-05,-3.702342664060e-11
9.956300000000e-05,-1.625142983585e-11
9.956350000000e-05,8.222649209709e-12
9.956400000000e-05,3.082395490377e-11
9.956450000000e-05,4.640417058100e-11
9.956500000000e-05,5.141424563854e-11
9.956550000000e-05,4.471284135179e-11
9.956600000000e-05,2.782633777196e-11
9.956650000000e-05,4.601169870941e-12
9.956700000000e-05,-1.967231960874e-11
9.956750000000e-05,-3.946494039083e-11
9.956800000000e-05,-5.026813345334e-11
9.956850000000e-05,-4.962097521733e-11
9.956900000000e-05,-3.767076595965e-11
9.956950000000e-05,-1.713950268237e-11
9.957000000000e-05,7.296132429222e-12
9.957050000000e-05,3.007004285544e-11
9.957100000000e-05,4.599459681818e-11
9.957150000000e-05,5.144230943212e-11
9.957200000000e-05,4.517215448820e-11
9.957250000000e-05,2.861227871339e-11
9.957300000000e-05,5.534714265088e-12
9.957350000000e-05,-1.880382014110e-11
9.957400000000e-05,-3.885931992394e-11
9.957450000000e-05,-5.006334745604e-11
9.957500000000e-05,-4.986367540745e-11
9.957550000000e-05,-3.830567270840e-11
9.957600000000e-05,-1.802199601127e-11
9.957650000000e-05,6.367071100308e-12
9.957700000000e-05,2.930604172807e-11
9.957750000000e-05,4.556968753747e-11
9.957800000000e-05,5.145328445742e-11
9.957850000000e-05,4.561651819792e-11
9.957900000000e-05,2.938881488514e-11
9.957950000000e-05,6.466540891854e-12
9.958000000000e-05,-1.792896007565e-11
9.958050000000e-05,-3.824070927869e-11
9.958100000000e-05,-4.984190063520e-11
9.958150000000e-05,-5.008983922119e-11
9.958200000000e-05,-3.892793431069e-11
9.958250000000e-05,-1.889861587004e-11
9.958300000000e-05,5.435773593877e-12
9.958350000000e-05,2.853220406807e-11
9.958400000000e-05,4.512958193328e-11
9.958450000000e-05,5.144716484891e-11
9.958500000000e-05,4.604578289019e-11
9.958550000000e-05,3.015568704467e-11
9.958600000000e-05,7.396339908073e-12
9.958650000000e-05,-1.704802927828e-11
9.958700000000e-05,-3.760931231563e-11
9.958750000000e-05,-4.960386440825e-11
9.958800000000e-05,-5.029938936357e-11
9.958850000000e-05,-3.953734236445e-11
9.958900000000e-05,-1.976907021965e-11
9.958950000000e-05,4.502549063914e-12
9.959000000000e-05,2.774878572310e-11
9.959050000000e-05,4.467442426749e-11
9.959100000000e-05,5.142395042054e-11
9.959150000000e-05,4.645980397193e-11
9.959200000000e-05,3.091263912697e-11
9.959250000000e-05,8.323802104095e-12
9.959300000000e-05,-1.616131966967e-11
9.959350000000e-05,-3.696533717041e-11
9.959400000000e-05,-4.934931571425e-11
9.959450000000e-05,-5.049225404998e-11
9.959500000000e-05,-4.013369271156e-11
9.959550000000e-05,-2.063306903184e-11
9.959600000000e-05,3.567707344851e-12
9.959650000000e-05,2.695604575752e-11
9.959700000000e-05,4.420436382225e-11
9.959750000000e-05,5.138364666651e-11
9.959800000000e-05,4.685844189647e-11
9.959850000000e-05,3.165941833001e-11
9.959900000000e-05,9.248619006604e-12
9.959950000000e-05,-1.526912512861e-11
9.960000000000e-05,-3.630899618520e-11
9.960050000000e-05,-4.907833698904e-11
9.960100000000e-05,-5.066836703075e-11
9.960150000000e-05,-4.071678550624e-11
9.960200000000e-05,-2.149032438574e-11
9.960250000000e-05,2.631558848704e-12
9.960300000000e-05,2.615424636672e-11
9.960350000000e-05,4.371955485097e-11
9.960400000000e-05,5.132626476019e-11
9.960450000000e-05,4.724156221052e-11
9.960500000000e-05,3.239577519923e-11
9.960550000000e-05,1.017048298122e-11
9.960600000000e-05,-1.437174139457e-11
9.960650000000e-05,-3.564050583865e-11
9.960700000000e-05,-4.879101613851e-11
9.960750000000e-05,-5.082766761388e-11
9.960800000000e-05,-4.128642528198e-11
9.960850000000e-05,-2.234055056383e-11
9.960900000000e-05,1.694414461996e-12
9.960950000000e-05,2.534365279039e-11
9.961000000000e-05,4.322015652776e-11
9.961050000000e-05,5.125182155114e-11
9.961100000000e-05,4.760903559958e-11
9.961150000000e-05,3.312146371080e-11
9.961200000000e-05,1.108908733485e-11
9.961250000000e-05,-1.346946596967e-11
9.961300000000e-05,-3.496008667453e-11
9.961350000000e-05,-4.848744651017e-11
9.961400000000e-05,-5.097010068594e-11
9.961450000000e-05,-4.184242101708e-11
9.961500000000e-05,-2.318346414718e-11
9.961550000000e-05,7.565854425199e-13
9.961600000000e-05,2.452453322480e-11
9.961650000000e-05,4.270633289514e-11
9.961700000000e-05,5.116033956026e-11
9.961750000000e-05,4.796073793152e-11
9.961800000000e-05,3.383624135388e-11
9.961850000000e-05,1.200412641767e-11
9.961900000000e-05,-1.256259802005e-11
9.961950000000e-05,-3.426796322893e-11
9.962000000000e-05,-4.816772686278e-11
9.962050000000e-05,-5.109561673107e-11
9.962100000000e-05,-4.238458619869e-11
9.962150000000e-05,-2.401878410989e-11
9.962200000000e-05,-1.816166840430e-13
9.962250000000e-05,2.369715873403e-11
9.962300000000e-05,4.217825281017e-11
9.962350000000e-05,5.105184697301e-11
9.962400000000e-05,4.829655029851e-11
9.962450000000e-05,3.453986921159e-11
9.962500000000e-05,1.291529572489e-11
9.962550000000e-05,-1.165143827671e-11
9.962600000000e-05,-3.356436395620e-11
9.962650000000e-05,-4.783196133426e-11
9.962700000000e-05,-5.120417184822e-11
9.962750000000e-05,-4.291273888541e-11
9.962800000000e-05,-2.484623191281e-11
9.962850000000e-05,-1.119880227606e-12
9.962900000000e-05,2.286180316031e-11
9.962950000000e-05,4.163608988898e-11
9.963000000000e-05,5.092637763082e-11
9.963050000000e-05,4.861635905723e-11
9.963100000000e-05,3.523211204094e-11
9.963150000000e-05,1.382229199804e-11
9.963200000000e-05,-1.073628893574e-11
9.963250000000e-05,-3.284952115353e-11
9.963300000000e-05,-4.748025940778e-11
9.963350000000e-05,-5.129572776640e-11
9.963400000000e-05,-4.342670176828e-11
9.963450000000e-05,-2.566553159641e-11
9.963500000000e-05,-2.057893437227e-12
9.963550000000e-05,2.201874303335e-11
9.963600000000e-05,4.108002244966e-11
9.963650000000e-05,5.078397102056e-11
9.963700000000e-05,4.892005586729e-11
9.963750000000e-05,3.591273835141e-11
9.963800000000e-05,1.472481332592e-11
9.963850000000e-05,-9.817453558112e-12
9.963900000000e-05,-3.212367088426e-11
9.963950000000e-05,-4.711273587610e-11
9.964000000000e-05,-5.137025185819e-11
9.964050000000e-05,-4.392630223036e-11
9.964100000000e-05,-2.647640987282e-11
9.964150000000e-05,-2.995344604690e-12
9.964200000000e-05,2.116825747884e-11
9.964250000000e-05,4.051023345368e-11
9.964300000000e-05,5.062467226215e-11
9.964350000000e-05,4.920753772796e-11
9.964400000000e-05,3.658152048241e-11
9.964450000000e-05,1.562255924508e-11
9.964500000000e-05,-8.895236968994e-12
9.964550000000e-05,-3.138705289994e-11
9.964600000000e-05,-4.672951080405e-11
9.964650000000e-05,-5.142771715126e-11
9.964700000000e-05,-4.441137240464e-11
9.964750000000e-05,-2.727859621697e-11
9.964800000000e-05,-3.931922168090e-12
9.964850000000e-05,2.031062812600e-11
9.964900000000e-05,3.992691044564e-11
9.964950000000e-05,5.044853209429e-11
9.965000000000e-05,4.947870701303e-11
9.965050000000e-05,3.723823467939e-11
9.965100000000e-05,1.651523083989e-11
9.965150000000e-05,-7.969945156611e-12
9.965200000000e-05,-3.063991056113e-11
9.965250000000e-05,-4.633070948940e-11
9.965300000000e-05,-5.146810233811e-11
9.965350000000e-05,-4.488174923047e-11
9.965400000000e-05,-2.807182295686e-11
9.965450000000e-05,-4.867314815379e-12
9.965500000000e-05,1.944613901433e-11
9.965550000000e-05,3.933024549155e-11
9.965600000000e-05,5.025560685834e-11
9.965650000000e-05,4.973347150399e-11
9.965700000000e-05,3.788266116870e-11
9.965750000000e-05,1.740253084200e-11
9.965800000000e-05,-7.041885170727e-12
9.965850000000e-05,-2.988249075700e-11
9.965900000000e-05,-4.591646242182e-11
9.965950000000e-05,-5.149139178386e-11
9.966000000000e-05,-4.533727450839e-11
9.966050000000e-05,-2.885582536286e-11
9.966100000000e-05,-5.801211587845e-12
9.966150000000e-05,1.857507649957e-11
9.966200000000e-05,3.872043511563e-11
9.966250000000e-05,5.004595848036e-11
9.966300000000e-05,4.997174442138e-11
9.966350000000e-05,3.851458423118e-11
9.966400000000e-05,1.828416372940e-11
9.966450000000e-05,-6.111365020751e-12
9.966500000000e-05,-2.911504382375e-11
9.966550000000e-05,-4.548690524027e-11
9.966600000000e-05,-5.149757553217e-11
9.966650000000e-05,-4.577779495326e-11
9.966700000000e-05,-2.963034173607e-11
9.966750000000e-05,-6.733301983488e-12
9.966800000000e-05,1.769772915879e-11
9.966850000000e-05,3.809768023557e-11
9.966900000000e-05,4.981965445116e-11
9.966950000000e-05,5.019344445429e-11
9.967000000000e-05,3.913379227430e-11
9.967050000000e-05,1.915983582482e-11
9.967100000000e-05,-5.178693573513e-12
9.967150000000e-05,-2.833782346188e-11
9.967200000000e-05,-4.504217868854e-11
9.967250000000e-05,-5.148664930932e-11
9.967300000000e-05,-4.620316224590e-11
9.967350000000e-05,-3.039511349567e-11
9.967400000000e-05,-7.663276060251e-12
9.967450000000e-05,1.681438769486e-11
9.967500000000e-05,3.746218609632e-11
9.967550000000e-05,4.957676780471e-11
9.967600000000e-05,5.039849578811e-11
9.967650000000e-05,3.974007790307e-11
9.967700000000e-05,2.002925539351e-11
9.967750000000e-05,-4.244180450743e-12
9.967800000000e-05,-2.755108665232e-11
9.967850000000e-05,-4.458242856918e-11
9.967900000000e-05,-5.145861452636e-11
9.967950000000e-05,-4.661323308297e-11
9.968000000000e-05,-3.114988526525e-11
9.968050000000e-05,-8.590824539087e-12
9.968100000000e-05,1.592534484005e-11
9.968150000000e-05,3.681416220245e-11
9.968200000000e-05,4.931737709452e-11
9.968250000000e-05,5.058682813047e-11
9.968300000000e-05,4.033323798944e-11
9.968350000000e-05,2.089213274053e-11
9.968400000000e-05,-3.308135926285e-12
9.968450000000e-05,-2.675509357148e-11
9.968500000000e-05,-4.410780569567e-11
9.968550000000e-05,-5.141347827934e-11
9.968600000000e-05,-4.700786922529e-11
9.968650000000e-05,-3.189440495806e-11
9.968700000000e-05,-9.515638906815e-12
9.968750000000e-05,1.503089525909e-11
9.968800000000e-05,3.615382224912e-11
9.968850000000e-05,4.904156636826e-11
9.968900000000e-05,5.075837673526e-11
9.968950000000e-05,4.091307374039e-11
9.969000000000e-05,2.174818030718e-11
9.969050000000e-05,-2.370870823079e-12
9.969100000000e-05,-2.595010750517e-11
9.969150000000e-05,-4.361846584302e-11
9.969200000000e-05,-5.135125334774e-11
9.969250000000e-05,-4.738693754438e-11
9.969300000000e-05,-3.262842386125e-11
9.969350000000e-05,-1.043741151873e-11
9.969400000000e-05,1.413133545146e-11
9.969450000000e-05,3.548138405160e-11
9.969500000000e-05,4.874942514056e-11
9.969550000000e-05,5.091308242487e-11
9.969600000000e-05,4.147939076454e-11
9.969650000000e-05,2.259711276689e-11
9.969700000000e-05,-1.432696409952e-12
9.969750000000e-05,-2.513639476155e-11
9.969800000000e-05,-4.311456969657e-11
9.969850000000e-05,-5.127195819093e-11
9.969900000000e-05,-4.775031006738e-11
9.969950000000e-05,-3.335169671889e-11
9.970000000000e-05,-1.135583570095e-11
9.970050000000e-05,1.322696365313e-11
9.970100000000e-05,3.479706947339e-11
9.970150000000e-05,4.844104836397e-11
9.970200000000e-05,5.105089161062e-11
9.970250000000e-05,4.203199913731e-11
9.970300000000e-05,2.343864712029e-11
9.970350000000e-05,-4.939242982410e-13
9.970400000000e-05,-2.431422458303e-11
9.970450000000e-05,-4.259628279929e-11
9.970500000000e-05,-5.117561694276e-11
9.970550000000e-05,-4.809786402026e-11
9.970600000000e-05,-3.406398181400e-11
9.970650000000e-05,-1.227060585245e-11
9.970700000000e-05,1.231807973768e-11
9.970750000000e-05,3.410110435309e-11
9.970800000000e-05,4.811653639813e-11
9.970850000000e-05,5.117175631126e-11
9.970900000000e-05,4.257071346462e-11
9.970950000000e-05,2.427250278957e-11
9.971000000000e-05,4.451336617030e-13
9.971050000000e-05,-2.348386905716e-11
9.971100000000e-05,-4.206377549739e-11
9.971150000000e-05,-5.106225940434e-11
9.971200000000e-05,-4.842948186926e-11
9.971250000000e-05,-3.476504104923e-11
9.971300000000e-05,-1.318141754672e-11
9.971350000000e-05,1.140498511684e-11
9.971400000000e-05,3.339371842980e-11
9.971450000000e-05,4.777599497709e-11
9.971500000000e-05,5.127563416962e-11
9.971550000000e-05,4.309535294507e-11
9.971600000000e-05,2.509840171201e-11
9.971650000000e-05,1.384165484113e-12
9.971700000000e-05,-2.264560302662e-11
9.971750000000e-05,-4.151722288433e-11
9.971800000000e-05,-5.093192103480e-11
9.971850000000e-05,-4.874505136065e-11
9.971900000000e-05,-3.545464002653e-11
9.971950000000e-05,-1.408796763312e-11
9.972000000000e-05,1.048798264060e-11
9.972050000000e-05,3.267514526734e-11
9.972100000000e-05,4.741953517487e-11
9.972150000000e-05,5.136248846746e-11
9.972200000000e-05,4.360574143060e-11
9.972250000000e-05,2.591606843271e-11
9.972300000000e-05,2.322859151455e-12
9.972350000000e-05,-2.179970399823e-11
9.972400000000e-05,-4.095680474325e-11
9.972450000000e-05,-5.078464294026e-11
9.972500000000e-05,-4.904446555870e-11
9.972550000000e-05,-3.613254812544e-11
9.972600000000e-05,-1.498995433775e-11
9.972650000000e-05,9.567376496674e-12
9.972700000000e-05,3.194562217711e-11
9.972750000000e-05,4.704727336930e-11
9.972800000000e-05,5.143228813837e-11
9.972850000000e-05,4.410170748566e-11
9.972900000000e-05,2.672523019647e-11
9.972950000000e-05,3.260902718107e-12
9.973000000000e-05,-2.094645205107e-11
9.973050000000e-05,-4.038270548787e-11
9.973100000000e-05,-5.062047186094e-11
9.973150000000e-05,-4.932762288193e-11
9.973200000000e-05,-3.679853858031e-11
9.973250000000e-05,-1.588707736390e-11
9.973300000000e-05,8.643472109670e-12
9.973350000000e-05,3.120539013973e-11
9.973400000000e-05,4.665933120396e-11
9.973450000000e-05,5.148500777885e-11
9.973500000000e-05,4.458308444478e-11
9.973550000000e-05,2.752561703875e-11
9.973600000000e-05,4.197984414019e-12
9.973650000000e-05,-2.008612974378e-11
9.973700000000e-05,-3.979511410174e-11
9.973750000000e-05,-5.043946015632e-11
9.973800000000e-05,-4.959442713749e-11
9.973850000000e-05,-3.745238855604e-11
9.973900000000e-05,-1.677903799204e-11
9.973950000000e-05,7.716576039723e-12
9.974000000000e-05,3.045469372543e-11
9.974050000000e-05,4.625583554851e-11
9.974100000000e-05,5.152062765744e-11
9.974150000000e-05,4.504971046855e-11
9.974200000000e-05,2.831696187576e-11
9.974250000000e-05,5.133792748341e-12
9.974300000000e-05,-1.921902202097e-11
9.974350000000e-05,-3.919422407614e-11
9.974400000000e-05,-5.024166578848e-11
9.974450000000e-05,-4.984478755392e-11
9.974500000000e-05,-3.809387922274e-11
9.974550000000e-05,-1.766553917929e-11
9.974600000000e-05,6.786995880784e-12
9.974650000000e-05,2.969378101325e-11
9.974700000000e-05,4.583691845717e-11
9.974750000000e-05,5.153913372209e-11
9.974800000000e-05,4.550142859801e-11
9.974850000000e-05,2.909900059357e-11
9.974900000000e-05,6.068016612959e-12
9.974950000000e-05,-1.834541611883e-11
9.975000000000e-05,-3.858023334626e-11
9.975050000000e-05,-5.002715230356e-11
9.975100000000e-05,-5.007861881194e-11
9.975150000000e-05,-3.872279582887e-11
9.975200000000e-05,-1.854628565834e-11
9.975250000000e-05,5.855040158547e-12
9.975300000000e-05,2.892290350907e-11
9.975350000000e-05,4.540271712551e-11
9.975400000000e-05,5.154051760547e-11
9.975450000000e-05,4.593808680750e-11
9.975500000000e-05,2.987147213626e-11
9.975550000000e-05,7.000345385922e-12
9.975600000000e-05,-1.746560147001e-11
9.975650000000e-05,-3.795334422609e-11
9.975700000000e-05,-4.979598881139e-11
9.975750000000e-05,-5.029584107352e-11
9.975800000000e-05,-3.933892777322e-11
9.975850000000e-05,-1.942098403578e-11
9.975900000000e-05,4.921018228045e-12
9.975950000000e-05,2.814231606248e-11
9.976000000000e-05,4.495337384556e-11
9.976050000000e-05,5.152477662857e-11
9.976100000000e-05,4.635953805576e-11
9.976150000000e-05,3.063411859307e-11
9.976200000000e-05,7.930469034725e-12
9.976250000000e-05,-1.657986960774e-11
9.976300000000e-05,-3.731376334171e-11
9.976350000000e-05,-4.954824996323e-11
9.976400000000e-05,-5.049638000915e-11
9.976450000000e-05,-3.994206867534e-11
9.976500000000e-05,-2.028934288983e-11
9.976550000000e-05,3.985240170966e-12
9.976600000000e-05,2.735227678252e-11
9.976650000000e-05,4.448903595914e-11
9.976700000000e-05,5.149191380227e-11
9.976750000000e-05,4.676564033543e-11
9.976800000000e-05,3.138668528449e-11
9.976850000000e-05,8.858078219404e-12
9.976900000000e-05,-1.568851406916e-11
9.976950000000e-05,-3.666170156321e-11
9.977000000000e-05,-4.928401592769e-11
9.977050000000e-05,-5.068016682323e-11
9.977100000000e-05,-4.053201644473e-11
9.977150000000e-05,-2.115107286748e-11
9.977200000000e-05,3.048016692709e-12
9.977250000000e-05,2.655304695232e-11
9.977300000000e-05,4.400985580962e-11
9.977350000000e-05,5.144193782711e-11
9.977400000000e-05,4.715625672095e-11
9.977450000000e-05,3.212892084732e-11
9.977500000000e-05,9.782864395415e-12
9.977550000000e-05,-1.479183029814e-11
9.977600000000e-05,-3.599737393518e-11
9.977650000000e-05,-4.900337236477e-11
9.977700000000e-05,-5.084713827765e-11
9.977750000000e-05,-4.110857334852e-11
9.977800000000e-05,-2.200588678083e-11
9.977850000000e-05,2.109659019222e-12
9.977900000000e-05,2.574489094274e-11
9.977950000000e-05,4.351599069186e-11
9.978000000000e-05,5.137486309113e-11
9.978050000000e-05,4.753125541467e-11
9.978100000000e-05,3.286057731863e-11
9.978150000000e-05,1.070451991627e-11
9.978200000000e-05,-1.389011554726e-11
9.978250000000e-05,-3.532099960574e-11
9.978300000000e-05,-4.870641039818e-11
9.978350000000e-05,-5.099723671353e-11
9.978400000000e-05,-4.167154607775e-11
9.978450000000e-05,-2.285349970288e-11
9.978500000000e-05,1.170478793647e-12
9.978550000000e-05,2.492807612488e-11
9.978600000000e-05,4.300760280067e-11
9.978650000000e-05,5.129070966581e-11
9.978700000000e-05,4.789050979130e-11
9.978750000000e-05,3.358141021859e-11
9.978800000000e-05,1.162273813586e-11
9.978850000000e-05,-1.298366877933e-11
9.978900000000e-05,-3.463280175434e-11
9.978950000000e-05,-4.839322658570e-11
9.979000000000e-05,-5.113041007108e-11
9.979050000000e-05,-4.222074581215e-11
9.979100000000e-05,-2.369362906243e-11
9.979150000000e-05,2.307879728280e-13
9.979200000000e-05,2.410287278164e-11
9.979250000000e-05,4.248485917751e-11
9.979300000000e-05,5.118950330016e-11
9.979350000000e-05,4.823389844070e-11
9.979400000000e-05,3.429117863214e-11
9.979450000000e-05,1.253721351051e-11
9.979500000000e-05,-1.207279056826e-11
9.979550000000e-05,-3.393300751804e-11
9.979600000000e-05,-4.806392288783e-11
9.979650000000e-05,-5.124661190765e-11
9.979700000000e-05,-4.275598828350e-11
9.979750000000e-05,-2.452599473834e-11
9.979800000000e-05,-7.091012763177e-13
9.979850000000e-05,2.326955401827e-11
9.979900000000e-05,4.194793165558e-11
9.979950000000e-05,5.107127541289e-11
9.980000000000e-05,4.856130520885e-11
9.980050000000e-05,3.498964528954e-11
9.980100000000e-05,1.344764170063e-11
9.980150000000e-05,-1.115778299936e-11
9.980200000000e-05,-3.322184791658e-11
9.980250000000e-05,-4.771860663461e-11
9.980300000000e-05,-5.134580141390e-11
9.980350000000e-05,-4.327709383746e-11
9.980400000000e-05,-2.535031915289e-11
9.980450000000e-05,-1.648876680496e-12
9.980500000000e-05,2.242839567201e-11
9.980550000000e-05,4.139699680342e-11
9.980600000000e-05,5.093606308268e-11
9.980650000000e-05,4.887261923718e-11
9.980700000000e-05,3.567657664567e-11
9.980750000000e-05,1.435371967200e-11
9.980800000000e-05,-1.023894956920e-11
9.980850000000e-05,-3.249955777614e-11
9.980900000000e-05,-4.735739049064e-11
9.980950000000e-05,-5.142794342804e-11
9.981000000000e-05,-4.378388749380e-11
9.981050000000e-05,-2.616632736436e-11
9.981100000000e-05,-2.588225963789e-12
9.981150000000e-05,2.157967622077e-11
9.981200000000e-05,4.083223586677e-11
9.981250000000e-05,5.078390903664e-11
9.981300000000e-05,4.916773500005e-11
9.981350000000e-05,3.635174295810e-11
9.981400000000e-05,1.525514579666e-11
9.981450000000e-05,-9.316595084921e-12
9.981500000000e-05,-3.176637565177e-11
9.981550000000e-05,-4.698039241834e-11
9.981600000000e-05,-5.149300844830e-11
9.981650000000e-05,-4.427619900521e-11
9.981700000000e-05,-2.697374715872e-11
9.981750000000e-05,-3.526836951422e-12
9.981800000000e-05,2.072367669093e-11
9.981850000000e-05,4.025383470901e-11
9.981900000000e-05,5.061486163681e-11
9.981950000000e-05,4.944655234051e-11
9.982000000000e-05,3.701491836394e-11
9.982050000000e-05,1.615161995327e-11
9.982100000000e-05,-8.391025563111e-12
9.982150000000e-05,-3.102254374861e-11
9.982200000000e-05,-4.658773563946e-11
9.982250000000e-05,-5.154097264342e-11
9.982300000000e-05,-4.475386291447e-11
9.982350000000e-05,-2.777230914045e-11
9.982400000000e-05,-4.464397673506e-12
9.982450000000e-05,1.986068056433e-11
9.982500000000e-05,3.966198374996e-11
9.982550000000e-05,5.042897486481e-11
9.982600000000e-05,4.970897650432e-11
9.982650000000e-05,3.766588095540e-11
9.982700000000e-05,1.704284362708e-11
9.982750000000e-05,-7.462548128298e-12
9.982800000000e-05,-3.026830784188e-11
9.982850000000e-05,-4.617954859476e-11
9.982900000000e-05,-5.157181786135e-11
9.982950000000e-05,-4.521671861004e-11
9.983000000000e-05,-2.856174682244e-11
9.983050000000e-05,-5.400596468732e-12
9.983100000000e-05,1.899097368432e-11
9.983150000000e-05,3.905687790322e-11
9.983200000000e-05,5.022630830469e-11
9.983250000000e-05,4.995491817207e-11
9.983300000000e-05,3.830441285403e-11
9.983350000000e-05,1.792852000931e-11
9.983400000000e-05,-6.531470911026e-12
9.983450000000e-05,-2.950391719569e-11
9.983500000000e-05,-4.575596490205e-11
9.983550000000e-05,-5.158553163599e-11
9.983600000000e-05,-4.566461038005e-11
9.983650000000e-05,-2.934179671487e-11
9.983700000000e-05,-6.335122087967e-12
9.983750000000e-05,1.811484416114e-11
9.983800000000e-05,3.843871651197e-11
9.983850000000e-05,5.000692712377e-11
9.983900000000e-05,5.018429348961e-11
9.983950000000e-05,3.893030028363e-11
9.984000000000e-05,1.880835409599e-11
9.984050000000e-05,-5.598102945598e-12
9.984100000000e-05,-2.872962448066e-11
9.984150000000e-05,-4.531712331248e-11
9.984200000000e-05,-5.158210719206e-11
9.984250000000e-05,-4.609738746471e-11
9.984300000000e-05,-3.011219841318e-11
9.984350000000e-05,-7.267663797740e-12
9.984400000000e-05,1.723258227646e-11
9.984450000000e-05,3.780770328332e-11
9.984500000000e-05,4.977090205178e-11
9.984550000000e-05,5.039702409662e-11
9.984600000000e-05,3.954333364186e-11
9.984650000000e-05,1.968205278624e-11
9.984700000000e-05,-4.662754067511e-12
9.984750000000e-05,-2.794568569038e-11
9.984800000000e-05,-4.486316766502e-11
9.984850000000e-05,-5.156154344810e-11
9.984900000000e-05,-4.651490410700e-11
9.984950000000e-05,-3.087269468501e-11
9.985000000000e-05,-8.197911483556e-12
9.985050000000e-05,1.634448038720e-11
9.985100000000e-05,3.716404622115e-11
9.985150000000e-05,4.951830935804e-11
9.985200000000e-05,5.059303715332e-11
9.985250000000e-05,4.014330757036e-11
9.985300000000e-05,2.054932497991e-11
9.985350000000e-05,-3.725734810595e-12
9.985400000000e-05,-2.715236005680e-11
9.985450000000e-05,-4.439424683943e-11
9.985500000000e-05,-5.152384501758e-11
9.985550000000e-05,-4.691701960180e-11
9.985600000000e-05,-3.162303155608e-11
9.985650000000e-05,-9.125555753024e-12
9.985700000000e-05,1.545083282866e-11
9.985750000000e-05,3.650795755760e-11
9.985800000000e-05,4.924923082685e-11
9.985850000000e-05,5.077226536545e-11
9.985900000000e-05,4.073002102360e-11
9.985950000000e-05,2.140988167453e-11
9.986000000000e-05,-2.787356303925e-12
9.986050000000e-05,-2.634990996448e-11
9.986100000000e-05,-4.391051470733e-11
9.986150000000e-05,-5.146902220809e-11
9.986200000000e-05,-4.730359834326e-11
9.986250000000e-05,-3.236295839497e-11
9.986300000000e-05,-1.005028803876e-11
9.986350000000e-05,1.455193581696e-11
9.986400000000e-05,3.583965368305e-11
9.986450000000e-05,4.896375373103e-11
9.986500000000e-05,5.093464700728e-11
9.986550000000e-05,4.130327733620e-11
9.986600000000e-05,2.226343606167e-11
9.986650000000e-05,-1.847930168507e-12
9.986700000000e-05,-2.553860086387e-11
9.986750000000e-05,-4.341213008181e-11
9.986800000000e-05,-5.139709101864e-11
9.986850000000e-05,-4.767450987054e-11
9.986900000000e-05,-3.309222799689e-11
9.986950000000e-05,-1.097180070103e-11
9.987000000000e-05,1.364808735086e-11
9.987050000000e-05,3.515935507478e-11
9.987100000000e-05,4.866197080359e-11
9.987150000000e-05,5.108012594290e-11
9.987200000000e-05,4.186288428890e-11
9.987250000000e-05,2.310970362250e-11
9.987300000000e-05,-9.077684137986e-13
9.987350000000e-05,-2.471870118342e-11
9.987400000000e-05,-4.289925666524e-11
9.987450000000e-05,-5.130807313509e-11
9.987500000000e-05,-4.802962891183e-11
9.987550000000e-05,-3.381059666623e-11
9.987600000000e-05,-1.188978713010e-11
9.987650000000e-05,1.273958711298e-11
9.987700000000e-05,3.446728622422e-11
9.987750000000e-05,4.834398020771e-11
9.987800000000e-05,5.120865164558e-11
9.987850000000e-05,4.240865417293e-11
9.987900000000e-05,2.394840222260e-11
9.987950000000e-05,3.281666592281e-14
9.988000000000e-05,-2.389048224084e-11
9.988050000000e-05,-4.237206299554e-11
9.988100000000e-05,-5.120199592372e-11
9.988150000000e-05,-4.836883542661e-11
9.988200000000e-05,-3.451782429800e-11
9.988250000000e-05,-1.280394184822e-11
9.988300000000e-05,1.182673637042e-11
9.988350000000e-05,3.376367556289e-11
9.988400000000e-05,4.800988550472e-11
9.988450000000e-05,5.132017921526e-11
9.988500000000e-05,4.294040385305e-11
9.988550000000e-05,2.477925220609e-11
9.988600000000e-05,9.735125952917e-13
9.988650000000e-05,-2.305421815327e-11
9.988700000000e-05,-4.183072239076e-11
9.988750000000e-05,-5.107889242279e-11
9.988800000000e-05,-4.869201464628e-11
9.988850000000e-05,-3.521367445810e-11
9.988900000000e-05,-1.371396061133e-11
9.988950000000e-05,1.090983787485e-11
9.989000000000e-05,3.304875538700e-11
9.989050000000e-05,4.765979562046e-11
9.989100000000e-05,5.141466939422e-11
9.989150000000e-05,4.345795482894e-11
9.989200000000e-05,2.560197648881e-11
9.989250000000e-05,1.914006821665e-12
9.989300000000e-05,-2.221018574660e-11
9.989350000000e-05,-4.127541289217e-11
9.989400000000e-05,-5.093880133237e-11
9.989450000000e-05,-4.899905711293e-11
9.989500000000e-05,-3.589791446232e-11
9.989550000000e-05,-1.461954051027e-11
9.989600000000e-05,9.989195762138e-12
9.989650000000e-05,3.232276178075e-11
9.989700000000e-05,4.729382480975e-11
9.989750000000e-05,5.149208858088e-11
9.989800000000e-05,4.396113329512e-11
9.989850000000e-05,2.641630065074e-11
9.989900000000e-05,2.853986818968e-12
9.989950000000e-05,-2.135866446378e-11
9.990000000000e-05,-4.070631720566e-11
9.990050000000e-05,-5.078176700218e-11
9.990100000000e-05,-4.928985871641e-11
9.990150000000e-05,-3.657031545416e-11
9.990200000000e-05,-1.552038007164e-11
9.990250000000e-05,9.065115451431e-12
9.990300000000e-05,3.158593453838e-11
9.990350000000e-05,4.691209261913e-11
9.990400000000e-05,5.155240884163e-11
9.990450000000e-05,4.444977019934e-11
9.990500000000e-05,2.722195302758e-11
9.990550000000e-05,3.793140191550e-12
9.990600000000e-05,-2.049993627234e-11
9.990650000000e-05,-4.012362264163e-11
9.990700000000e-05,-5.060783941758e-11
9.990750000000e-05,-4.956432072963e-11
9.990800000000e-05,-3.723065248140e-11
9.990850000000e-05,-1.641617935813e-11
9.990900000000e-05,8.137903543852e-12
9.990950000000e-05,3.083851708499e-11
9.991000000000e-05,4.651472384781e-11
9.991050000000e-05,5.159560792091e-11
9.991100000000e-05,4.492370129934e-11
9.991150000000e-05,2.801866480130e-11
9.991200000000e-05,4.731154778003e-12
9.991250000000e-05,-1.963428557104e-11
9.991300000000e-05,-3.952752105338e-11
9.991350000000e-05,-5.041707418371e-11
9.991400000000e-05,-4.982234984204e-11
9.991450000000e-05,-3.787870457132e-11
9.991500000000e-05,-1.730664006843e-11
9.991550000000e-05,7.207867720766e-12
9.991600000000e-05,3.008075639606e-11
9.991650000000e-05,4.610184850686e-11
9.991700000000e-05,5.162166924932e-11
9.991750000000e-05,4.538276721807e-11
9.991800000000e-05,2.880617008989e-11
9.991850000000e-05,5.667718754923e-12
9.991900000000e-05,-1.876199909563e-11
9.991950000000e-05,-3.891820877394e-11
9.992000000000e-05,-5.020953250772e-11
9.992050000000e-05,-5.006385819136e-11
9.992100000000e-05,-3.851425480464e-11
9.992150000000e-05,-1.819146563650e-11
9.992200000000e-05,6.275316641685e-12
9.992250000000e-05,2.931290291592e-11
9.992300000000e-05,4.567360177672e-11
9.992350000000e-05,5.163058194984e-11
9.992400000000e-05,4.582681349727e-11
9.992450000000e-05,2.958420603608e-11
9.992500000000e-05,6.602520740567e-12
9.992550000000e-05,-1.788336582390e-11
9.992600000000e-05,-3.829588655138e-11
9.992650000000e-05,-4.998528117917e-11
9.992700000000e-05,-5.028876339346e-11
9.992750000000e-05,-3.913709038816e-11
9.992800000000e-05,-1.907036133040e-11
9.992850000000e-05,5.340559841826e-12
9.992900000000e-05,2.853521047493e-11
9.992950000000e-05,4.523012396294e-11
9.993000000000e-05,5.162234084221e-11
9.993050000000e-05,4.625569064941e-11
9.993100000000e-05,3.035251289507e-11
9.993150000000e-05,7.535249898381e-12
9.993200000000e-05,-1.699867687997e-11
9.993250000000e-05,-3.766075948269e-11
9.993300000000e-05,-4.974439254854e-11
9.993350000000e-05,-5.049698857046e-11
9.993400000000e-05,-3.974700272596e-11
9.993450000000e-05,-1.994303435044e-11
9.993500000000e-05,4.403907629374e-12
9.993550000000e-05,2.774793620559e-11
9.993600000000e-05,4.477156045021e-11
9.993650000000e-05,5.159694644537e-11
9.993700000000e-05,4.666925420804e-11
9.993750000000e-05,3.111083412122e-11
9.993800000000e-05,8.465596040356e-12
9.993850000000e-05,-1.610822543777e-11
9.993900000000e-05,-3.701303694621e-11
9.993950000000e-05,-4.948694450395e-11
9.994000000000e-05,-5.068846237698e-11
9.994050000000e-05,-4.034378748929e-11
9.994100000000e-05,-2.080919392671e-11
9.994150000000e-05,3.465670982465e-12
9.994200000000e-05,2.695134045750e-11
9.994250000000e-05,4.429806165471e-11
9.994300000000e-05,5.155440497804e-11
9.994350000000e-05,4.706736477643e-11
9.994400000000e-05,3.185891645374e-11
9.994450000000e-05,9.393249730185e-12
9.994500000000e-05,-1.521230662395e-11
9.994550000000e-05,-3.635293253260e-11
9.994600000000e-05,-4.921302044594e-11
9.994650000000e-05,-5.086311902457e-11
9.994700000000e-05,-4.092724468500e-11
9.994750000000e-05,-2.166855141599e-11
9.994800000000e-05,2.526161445941e-12
9.994850000000e-05,2.614568671131e-11
9.994900000000e-05,4.380978297477e-11
9.994950000000e-05,5.149472835737e-11
9.995000000000e-05,4.744988807455e-11
9.995050000000e-05,3.259651000129e-11
9.995100000000e-05,1.031790238618e-11
9.995150000000e-05,-1.431121742002e-11
9.995200000000e-05,-3.568066397438e-11
9.995250000000e-05,-4.892270926051e-11
9.995300000000e-05,-5.102089830428e-11
9.995350000000e-05,-4.149717872255e-11
9.995400000000e-05,-2.252082039791e-11
9.995450000000e-05,1.585691027901e-12
9.995500000000e-05,2.533124149154e-11
9.995550000000e-05,4.330688473992e-11
9.995600000000e-05,5.141793419575e-11
9.995650000000e-05,4.781669498432e-11
9.995700000000e-05,3.332336832539e-11
9.995750000000e-05,1.123924638393e-11
9.995800000000e-05,-1.340525656395e-11
9.995850000000e-05,-3.499645307417e-11
9.995900000000e-05,-4.861610529028e-11
9.995950000000e-05,-5.116174560739e-11
9.996000000000e-05,-4.205339847960e-11
9.996050000000e-05,-2.336571677044e-11
9.996100000000e-05,6.445720960812e-13
9.996150000000e-05,2.450827427841e-11
9.996200000000e-05,4.278953215819e-11
9.996250000000e-05,5.132404579564e-11
9.996300000000e-05,4.816766159326e-11
9.996350000000e-05,3.403924852282e-11
9.996400000000e-05,1.215697515864e-11
9.996450000000e-05,-1.249472445108e-11
9.996500000000e-05,-3.430052563148e-11
9.996550000000e-05,-4.829330830384e-11
9.996600000000e-05,-5.128561194428e-11
9.996650000000e-05,-4.259571736607e-11
9.996700000000e-05,-2.420295884457e-11
9.996750000000e-05,-2.968827258921e-13
9.996800000000e-05,2.367705741869e-11
9.996850000000e-05,4.225789526188e-11
9.996900000000e-05,5.121309214263e-11
9.996950000000e-05,4.850266923623e-11
9.997000000000e-05,3.474391130673e-11
9.997050000000e-05,1.307078330711e-11
9.997100000000e-05,-1.157992303454e-11
9.997150000000e-05,-3.359311136817e-11
9.997200000000e-05,-4.795442346331e-11
9.997250000000e-05,-5.139245396145e-11
9.997300000000e-05,-4.312395338674e-11
9.997350000000e-05,-2.503226743823e-11
9.997400000000e-05,-1.238360662353e-12
9.997450000000e-05,2.283786603559e-11
9.997500000000e-05,4.171214885171e-11
9.997550000000e-05,5.108510789649e-11
9.997600000000e-05,4.882160453563e-11
9.997650000000e-05,3.543712108669e-11
9.997700000000e-05,1.398036668942e-11
9.997750000000e-05,-1.066115572514e-11
9.997800000000e-05,-3.287444385270e-11
9.997850000000e-05,-4.759956129010e-11
9.997900000000e-05,-5.148223395664e-11
9.997950000000e-05,-4.363792920232e-11
9.998000000000e-05,-2.585336596941e-11
9.998050000000e-05,-2.179548889505e-12
9.998100000000e-05,2.199097793764e-11
9.998150000000e-05,4.115247243928e-11
9.998200000000e-05,5.094013338041e-11
9.998250000000e-05,4.912435943974e-11
9.998300000000e-05,3.611864604738e-11
9.998350000000e-05,1.488542253013e-11
9.998400000000e-05,-9.738727290685e-12
9.998450000000e-05,-3.214476042295e-11
9.998500000000e-05,-4.722883762886e-11
9.998550000000e-05,-5.155491989209e-11
9.998600000000e-05,-4.413747218897e-11
9.998650000000e-05,-2.666598054834e-11
9.998700000000e-05,-3.120134639367e-12
9.998750000000e-05,2.113667352679e-11
9.998800000000e-05,4.057905018809e-11
9.998850000000e-05,5.077821456834e-11
9.998900000000e-05,4.941083125925e-11
9.998950000000e-05,3.678825822617e-11
9.999000000000e-05,1.578564951903e-11
9.999050000000e-05,-8.812943754926e-12
9.999100000000e-05,-3.140430210786e-11
9.999150000000e-05,-4.684237360967e-11
9.999200000000e-05,-5.161048540591e-11
9.999250000000e-05,-4.462241449628e-11
9.999300000000e-05,-2.746984006893e-11
9.999350000000e-05,-4.059805303708e-12
9.999400000000e-05,2.027523570554e-11
9.999450000000e-05,3.999207085292e-11
9.999500000000e-05,5.059940307041e-11
9.999550000000e-05,4.968092270216e-11
9.999600000000e-05,3.744573358931e-11
9.999650000000e-05,1.668074791152e-11
9.999700000000e-05,-7.884112296012e-12
9.999750000000e-05,-3.065331354781e-11
9.999800000000e-05,-4.644029560851e-11
9.999850000000e-05,-5.164890982160e-11
9.999900000000e-05,-4.509259310365e-11
9.999950000000e-05,-2.826467629913e-11
