tick,energy_total,coherence,drift
0,"SPA[001; 00, 00, 00, 00]","SPA[001; 00, 00, 00, 00]","SPA[001; 00, 00, 00, 00]"
1,"SPA[001; 00, 00, 00, 00]","SPA[001; 00, 00, 00, 00]","SPA[000; 11, 00, 00, 00]"
2,"SPA[001; 00, 00, 00, 00]","SPA[001; 00, 00, 00, 00]","SPA[000; 00, 00, 00, 00]"
3,"SPA[001; 00, 00, 00, 00]","SPA[001; 00, 00, 00, 00]","SPA[000; 00, 00, 00, 00]"
4,"SPA[001; 00, 00, 00, 00]","SPA[001; 00, 00, 00, 00]","SPA[000; 00, 00, 00, 00]"
5,"SPA[001; 00, 00, 00, 00]","SPA[001; 00, 00, 00, 00]","SPA[000; 00, 00, 00, 00]"
6,"SPA[001; 00, 00, 00, 00]","SPA[001; 00, 00, 00, 00]","SPA[000; 00, 00, 00, 00]"
7,"SPA[001; 00, 00, 00, 00]","SPA[001; 00, 00, 00, 00]","SPA[000; 00, 00, 00, 00]"
8,"SPA[001; 00, 00, 00, 00]","SPA[001; 00, 00, 00, 00]","SPA[000; 00, 00, 00, 00]"
9,"SPA[001; 00, 00, 00, 00]","SPA[001; 00, 00, 00, 00]","SPA[000; 00, 00, 00, 00]"
10,"SPA[002; 00, 00, 00, 00]","SPA[001; 00, 00, 00, 00]","SPA[000; 00, 00, 00, 00]"
11,"SPA[002; 00, 00, 00, 00]","SPA[001; 00, 00, 00, 00]","SPA[000; 00, 00, 00, 00]"
12,"SPA[002; 00, 00, 00, 00]","SPA[001; 00, 00, 00, 00]","SPA[000; 00, 00, 00, 00]"
13,"SPA[002; 00, 00, 00, 00]","SPA[001; 00, 00, 00, 00]","SPA[000; 00, 00, 00, 00]"
14,"SPA[002; 00, 00, 00, 00]","SPA[001; 00, 00, 00, 00]","SPA[000; 00, 00, 00, 00]"
15,"SPA[002; 00, 00, 00, 00]","SPA[001; 00, 00, 00, 00]","SPA[000; 00, 00, 00, 00]"
16,"SPA[002; 00, 00, 00, 00]","SPA[001; 00, 00, 00, 00]","SPA[000; 00, 00, 00, 00]"
17,"SPA[002; 00, 00, 00, 00]","SPA[001; 00, 00, 00, 00]","SPA[000; 00, 00, 00, 00]"
18,"SPA[002; 00, 00, 00, 00]","SPA[001; 00, 00, 00, 00]","SPA[000; 00, 00, 00, 00]"
19,"SPA[002; 00, 00, 00, 00]","SPA[001; 00, 00, 00, 00]","SPA[000; 00, 00, 00, 00]"
20,"SPA[003; 00, 00, 00, 00]","SPA[001; 00, 00, 00, 00]","SPA[000; 00, 00, 00, 00]"
21,"SPA[003; 00, 00, 00, 00]","SPA[001; 00, 00, 00, 00]","SPA[000; 00, 00, 00, 00]"
22,"SPA[003; 00, 00, 00, 00]","SPA[001; 00, 00, 00, 00]","SPA[000; 00, 00, 00, 00]"
23,"SPA[003; 00, 00, 00, 00]","SPA[001; 00, 00, 00, 00]","SPA[000; 00, 00, 00, 00]"
24,"SPA[003; 00, 00, 00, 00]","SPA[001; 00, 00, 00, 00]","SPA[000; 00, 00, 00, 00]"
25,"SPA[003; 00, 00, 00, 00]","SPA[001; 00, 00, 00, 00]","SPA[000; 00, 00, 00, 00]"
26,"SPA[003; 00, 00, 00, 00]","SPA[001; 00, 00, 00, 00]","SPA[000; 00, 00, 00, 00]"
27,"SPA[003; 00, 00, 00, 00]","SPA[001; 00, 00, 00, 00]","SPA[000; 00, 00, 00, 00]"
28,"SPA[003; 00, 00, 00, 00]","SPA[001; 00, 00, 00, 00]","SPA[000; 00, 00, 00, 00]"
29,"SPA[003; 00, 00, 00, 00]","SPA[001; 00, 00, 00, 00]","SPA[000; 00, 00, 00, 00]"
30,"SPA[004; 00, 00, 00, 00]","SPA[001; 00, 00, 00, 00]","SPA[000; 00, 00, 00, 00]"
31,"SPA[004; 00, 00, 00, 00]","SPA[001; 00, 00, 00, 00]","SPA[000; 00, 00, 00, 00]"
32,"SPA[004; 00, 00, 00, 00]","SPA[001; 00, 00, 00, 00]","SPA[000; 00, 00, 00, 00]"
33,"SPA[004; 00, 00, 00, 00]","SPA[001; 00, 00, 00, 00]","SPA[000; 00, 00, 00, 00]"
34,"SPA[004; 00, 00, 00, 00]","SPA[001; 00, 00, 00, 00]","SPA[000; 00, 00, 00, 00]"
35,"SPA[004; 00, 00, 00, 00]","SPA[001; 00, 00, 00, 00]","SPA[000; 00, 00, 00, 00]"
36,"SPA[004; 00, 00, 00, 00]","SPA[001; 00, 00, 00, 00]","SPA[000; 00, 00, 00, 00]"
37,"SPA[004; 00, 00, 00, 00]","SPA[001; 00, 00, 00, 00]","SPA[000; 00, 00, 00, 00]"
38,"SPA[004; 00, 00, 00, 00]","SPA[001; 00, 00, 00, 00]","SPA[000; 00, 00, 00, 00]"
39,"SPA[004; 00, 00, 00, 00]","SPA[001; 00, 00, 00, 00]","SPA[000; 00, 00, 00, 00]"
40,"SPA[005; 00, 00, 00, 00]","SPA[001; 00, 00, 00, 00]","SPA[000; 00, 00, 00, 00]"
41,"SPA[005; 00, 00, 00, 00]","SPA[001; 00, 00, 00, 00]","SPA[000; 00, 00, 00, 00]"
42,"SPA[005; 00, 00, 00, 00]","SPA[001; 00, 00, 00, 00]","SPA[000; 00, 00, 00, 00]"
43,"SPA[005; 00, 00, 00, 00]","SPA[001; 00, 00, 00, 00]","SPA[000; 00, 00, 00, 00]"
44,"SPA[005; 00, 00, 00, 00]","SPA[001; 00, 00, 00, 00]","SPA[000; 00, 00, 00, 00]"
45,"SPA[005; 00, 00, 00, 00]","SPA[001; 00, 00, 00, 00]","SPA[000; 00, 00, 00, 00]"
46,"SPA[005; 00, 00, 00, 00]","SPA[001; 00, 00, 00, 00]","SPA[000; 00, 00, 00, 00]"
47,"SPA[005; 00, 00, 00, 00]","SPA[001; 00, 00, 00, 00]","SPA[000; 00, 00, 00, 00]"
48,"SPA[005; 00, 00, 00, 00]","SPA[001; 00, 00, 00, 00]","SPA[000; 00, 00, 00, 00]"
49,"SPA[005; 00, 00, 00, 00]","SPA[001; 00, 00, 00, 00]","SPA[000; 00, 00, 00, 00]"
50,"SPA[006; 00, 00, 00, 00]","SPA[001; 00, 00, 00, 00]","SPA[000; 00, 00, 00, 00]"
51,"SPA[006; 00, 00, 00, 00]","SPA[001; 00, 00, 00, 00]","SPA[000; 00, 00, 00, 00]"
52,"SPA[006; 00, 00, 00, 00]","SPA[001; 00, 00, 00, 00]","SPA[000; 00, 00, 00, 00]"
53,"SPA[006; 00, 00, 00, 00]","SPA[001; 00, 00, 00, 00]","SPA[000; 00, 00, 00, 00]"
54,"SPA[006; 00, 00, 00, 00]","SPA[001; 00, 00, 00, 00]","SPA[000; 00, 00, 00, 00]"
55,"SPA[006; 00, 00, 00, 00]","SPA[001; 00, 00, 00, 00]","SPA[000; 00, 00, 00, 00]"
56,"SPA[006; 00, 00, 00, 00]","SPA[001; 00, 00, 00, 00]","SPA[000; 00, 00, 00, 00]"
57,"SPA[006; 00, 00, 00, 00]","SPA[001; 00, 00, 00, 00]","SPA[000; 00, 00, 00, 00]"
58,"SPA[006; 00, 00, 00, 00]","SPA[001; 00, 00, 00, 00]","SPA[000; 00, 00, 00, 00]"
59,"SPA[006; 00, 00, 00, 00]","SPA[001; 00, 00, 00, 00]","SPA[000; 00, 00, 00, 00]"
